,city,Listing_Title,Posting_Date,Bedrooms,Sqft,Price,posting_ID,treatment_assignment,full_URL,Reply_contact_info_link,reply_email_TO_BE_FILLED_IN,Apartment_Complex_Flag,Repeat
21,chicago,Gorgeous Lakeview 2 Bed 2 Bath with In unit Laundry & Exposed Brick!,3/17/2017 15:30,2,,2600,6031823406,Jane_Control,https://chicago.craigslist.org/chc/apa/6031823406.html,https://chicago.craigslist.org/reply/chi/apa/6031823406,vmartinez@cafinders.com,Appears to be professional,1
23,chicago,Gorgeous Lakeview 2 Bed 2 Bath with In unit Laundry!,3/17/2017 15:33,2,,2600,6035097200,Jane_Control,https://chicago.craigslist.org/chc/apa/6035097200.html,https://chicago.craigslist.org/reply/chi/apa/6035097200,vmartinez@cafinders.com,Appears to be professional,1
9,chicago,"Walk everywhere! Conv, Balcony, Walk in Closet, Gym, Pool, Red Line",3/17/2017 15:44,1,675,1540,6006351794,Jane_Control,https://chicago.craigslist.org/chc/apa/6006351794.html,https://chicago.craigslist.org/reply/chi/apa/6006351794,fr6f7-6006351794@hous.craigslist.org,0,
10,chicago,!!! STAGGERING 1 BED W/ AMENITIES - SEE WHAT YOU'VE BEEN MISSING !!!,3/17/2017 15:42,1,,2505,6029084676,Jane_Control,https://chicago.craigslist.org/chc/apa/6029084676.html,https://chicago.craigslist.org/reply/chi/apa/6029084676,jxgdh-6029084676@hous.craigslist.org,0,
90,chicago,Rent a new spot closer to your work.,3/17/2017 15:20,1,,2149,6024905444,Jane_Control,https://chicago.craigslist.org/chc/apa/6024905444.html,https://chicago.craigslist.org/reply/chi/apa/6024905444,zpqk3-6024905444@hous.craigslist.org,0,
78,chicago,Nice unit for rent in one of Greatest Chicago Area! Call Now!,3/17/2017 15:25,1,,1450,6018040718,Jane_Control,https://chicago.craigslist.org/chc/apa/6018040718.html,https://chicago.craigslist.org/reply/chi/apa/6018040718,8dvr3-6018040718@hous.craigslist.org,0,
16,chicago,"Spacious 1 bed near Trader Joe's, Roosevelt CTA, Target",3/17/2017 15:43,1,,1785,6006694707,Jane_Control,https://chicago.craigslist.org/chc/apa/6006694707.html,https://chicago.craigslist.org/reply/chi/apa/6006694707,wqv3x-6006694707@hous.craigslist.org,1,1
34,chicago,## FABULOUS RENOVATED 1 BED - EXPOSED BRICK - W/D IN UNIT - CALL ##,3/17/2017 15:36,1,,1672,6048323435,Jane_Control,https://chicago.craigslist.org/chc/apa/6048323435.html,https://chicago.craigslist.org/reply/chi/apa/6048323435,zqjtv-6048323435@hous.craigslist.org,0,
40,chicago,Stunning Penthouse 2 Bed 2 Bath Condo w/ Private Rooftop Deck,3/17/2017 15:28,2,,2000,6028170510,Jane_Control,https://chicago.craigslist.org/chc/apa/6028170510.html,https://chicago.craigslist.org/reply/chi/apa/6028170510,vmartinez@cafinders.com,Appears to be professional,1
65,chicago,NEW OLD TOWN 2 BED / 2 BATH -- W/D and HWD,3/17/2017 14:03,2,,3199,6044575453,Jane_Control,https://chicago.craigslist.org/chc/apa/6044575453.html,https://chicago.craigslist.org/reply/chi/apa/6044575453,4rczs-6044575453@hous.craigslist.org,0,
108,chicago,"Fully Furnished Gold Coast Apartment W/D, gym, pool, doorman",3/17/2017 14:33,1,750,2500,6035425860,Jane_Control,https://chicago.craigslist.org/chc/apa/6035425860.html,https://chicago.craigslist.org/reply/chi/apa/6035425860,bvjnk-6035425860@hous.craigslist.org,0,
67,chicago,Rental Housing in Chicago IL ... Impressive Home. . .Fantastic Price..,3/17/2017 15:03,2,,2550,6032046334,Jane_Control,https://chicago.craigslist.org/chc/apa/6032046334.html,https://chicago.craigslist.org/reply/chi/apa/6032046334,9kkfv-6032046334@hous.craigslist.org,0,
28,chicago,Gorgeous Lakeview 2 Bed 2 Bath with In unit Laundry & Exposed Brick!,3/17/2017 15:27,2,,2600,6028166966,Jane_Control,https://chicago.craigslist.org/chc/apa/6028166966.html,https://chicago.craigslist.org/reply/chi/apa/6028166966,vmartinez@cafinders.com,Appears to be professional,1
45,chicago,"LIVE IN STYLE, QUARTZ, F-C WINDOWS, BALCONY, 5 STAR AMENITIES",3/17/2017 14:28,2,,3423,6042259656,Jane_Control,https://chicago.craigslist.org/chc/apa/6042259656.html,https://chicago.craigslist.org/reply/chi/apa/6042259656,No email,0,
1,chicago,"Flexible! Lincoln Square NEW 2bed! HW, Granite, S/S, Dishwasher, W/D!",3/17/2017 15:49,2,,1650,6005395054,Jane_Control,https://chicago.craigslist.org/chc/apa/6005395054.html,https://chicago.craigslist.org/reply/chi/apa/6005395054,zmnfx-6005395054%40hous.craigslist.org,0,
15,chicago,"Spacious 2 Bed, OGILVIE/UNION STATION, Gym, Onsite Restaurants",3/17/2017 15:42,2,,2365,6006685521,Jane_Control,https://chicago.craigslist.org/chc/apa/6006685521.html,https://chicago.craigslist.org/reply/chi/apa/6006685521,nntqb-6006685521%40hous.craigslist.org,1,1
5,chicago,INCREDIBLE 2 Bedroom 2 Bathroom South Loop ~ SS ~ Quartz ~ W/D ~ Pool,3/17/2017 15:41,2,1241,3205,6031348314,Jane_Control,https://chicago.craigslist.org/chc/apa/6031348314.html,https://chicago.craigslist.org/reply/chi/apa/6031348314,pxmdj-6031348314%40hous.craigslist.org,0,
102,chicago,Luxury beautiful & trendy living.,3/17/2017 15:26,1,,1960,6025163079,Jane_Control,https://chicago.craigslist.org/chc/apa/6025163079.html,https://chicago.craigslist.org/reply/chi/apa/6025163079,drmxh-6025163079%40hous.craigslist.org,0,
72,chicago,"High End  2 Bedroom, 1 Bath in Lakeview, Available: 5/1/2017",3/17/2017 15:24,2,1200,2300,6048263610,Jane_Control,https://chicago.craigslist.org/chc/apa/6048263610.html,https://chicago.craigslist.org/reply/chi/apa/6048263610,rmbtp-6048263610%40hous.craigslist.org,0,
95,chicago,Apartment meant for a king! Tremendous Apartments!,3/17/2017 14:43,2,,2550,6035502154,Jane_Control,https://chicago.craigslist.org/chc/apa/6035502154.html,https://chicago.craigslist.org/reply/chi/apa/6035502154,zjdrf-6035502154%40hous.craigslist.org,0,
107,chicago,"*Garage Inc-InUnitW/D* 2 Bedrm, 2.5 Bath Wrigleyville, Ava: 5/15/2017",3/17/2017 14:34,2,1300,2750,6048227389,Jane_Control,https://chicago.craigslist.org/chc/apa/6048227389.html,https://chicago.craigslist.org/reply/chi/apa/6048227389,zpkjd-6048227389%40hous.craigslist.org,0,
110,chicago,"Updated 1bd, porch, AC, DW, Avail 5/1",3/17/2017 15:20,1,,1250,6032560382,Jane_Control,https://chicago.craigslist.org/chc/apa/6032560382.html,https://chicago.craigslist.org/reply/chi/apa/6032560382,c3kgq-6032560382%40hous.craigslist.org,0,
93,chicago,Gut Rehabbed Edgewater 1 Bed Condo w/ Cable Included!,3/17/2017 15:23,1,,1275,6032564487,Jane_Control,https://chicago.craigslist.org/chc/apa/6032564487.html,https://chicago.craigslist.org/reply/chi/apa/6032564487,vmartinez@cafinders.com,Appears to be professional,1
20,chicago,"Awesome 1 Bedroom, 1 Bath in Logan Square, Available: 5/1/2017",3/17/2017 15:42,1,1000,1600,6048332576,Jane_Control,https://chicago.craigslist.org/chc/apa/6048332576.html,https://chicago.craigslist.org/reply/chi/apa/6048332576,skmcg-6048332576@hous.craigslist.org,0,
27,chicago,Awesome Pet Friendly-Lrg 1BR-HDWD-Avail NOW! 620-28 Barry,3/17/2017 15:36,1,,1395,6034093253,Jane_Control,https://chicago.craigslist.org/chc/apa/6034093253.html,https://chicago.craigslist.org/reply/chi/apa/6034093253,dvw3f-6034093253@hous.craigslist.org,0,
96,chicago,Upgrade your lifestyle. Inexpensive with great character!,3/17/2017 15:26,1,,1650,6038182650,Jane_Control,https://chicago.craigslist.org/chc/apa/6038182650.html,https://chicago.craigslist.org/reply/chi/apa/6038182650,2gsp5-6038182650@hous.craigslist.org,0,
14,chicago,Gold Coast 1 Bedroom ~ Pet Friendly ~ Gym ~ Dishwasher ~Covered Garage,3/17/2017 15:43,1,,1925,6031366365,Jane_Control,https://chicago.craigslist.org/chc/apa/6031366365.html,https://chicago.craigslist.org/reply/chi/apa/6031366365,wbfpw-6031366365@hous.craigslist.org,Name appears on other listing,1
12,chicago,Newer high rise convertible with hardwood and WD. Virtual tours avail,3/17/2017 15:43,1,,1884,6005165120,Jane_Control,https://chicago.craigslist.org/chc/apa/6005165120.html,https://chicago.craigslist.org/reply/chi/apa/6005165120,csjrb-6005165120@hous.craigslist.org,1,1
105,chicago,Stunning 2 Bed 2 Bath Condo w/ Private Rooftop Deck & Parking Included,3/17/2017 15:25,2,,2000,6026653485,Jane_Control,https://chicago.craigslist.org/chc/apa/6026653485.html,https://chicago.craigslist.org/reply/chi/apa/6026653485,vmartinez@cafinders.com,Appears to be professional,1
48,chicago,Uptown 2 Bed 2 Bath Condo w/ Hardwood Floors!,3/17/2017 15:30,2,,1750,6028322595,Jane_Control,https://chicago.craigslist.org/chc/apa/6028322595.html,https://chicago.craigslist.org/reply/chi/apa/6028322595,vmartinez@cafinders.com,Appears to be professional,1
50,chicago,Totally rehabbed condo coming soon. 1 block away from Mag Mile,3/17/2017 14:22,1,1000,3200,6048158852,Jane_Treat_High,https://chicago.craigslist.org/chc/apa/6048158852.html,https://chicago.craigslist.org/reply/chi/apa/6048158852,hjd5r-6048158852@hous.craigslist.org,0,
74,chicago,Floor to Ceiling Bay Windows -- Awesome Views,3/17/2017 15:00,2,,2507,6013591231,Jane_Treat_High,https://chicago.craigslist.org/chc/apa/6013591231.html,https://chicago.craigslist.org/reply/chi/apa/6013591231,83hbc-6013591231%40hous.craigslist.org,0,
113,chicago,Free Wi-Fi in our business center!,3/17/2017 15:07,2,,2450,6032004618,Jane_Treat_High,https://chicago.craigslist.org/chc/apa/6032004618.html,https://chicago.craigslist.org/reply/chi/apa/6032004618,td4zv-6032004618%40hous.craigslist.org,0,
39,chicago,Gut Rehabbed Edgewater 1 Bed Condo w/ Cable Included!,3/17/2017 15:33,1,,1275,6035096002,Jane_Treat_High,https://chicago.craigslist.org/chc/apa/6035096002.html,https://chicago.craigslist.org/reply/chi/apa/6035096002,vmartinez@cafinders.com,Appears to be professional,1
98,chicago,LUXURY 1 BEDS - EVERY UPGRADE - W/D - GYM - POOL - LOCATION,3/17/2017 15:18,1,700,2100,6048281022,Jane_Treat_High,https://chicago.craigslist.org/chc/apa/6048281022.html,https://chicago.craigslist.org/reply/chi/apa/6048281022,,,
100,chicago,Spacious Updated Edgewater 1 Bed Condo w/ Dishwasher!,3/17/2017 15:22,1,,1300,6032515109,Jane_Treat_High,https://chicago.craigslist.org/chc/apa/6032515109.html,https://chicago.craigslist.org/reply/chi/apa/6032515109,,,
4,chicago,Old Town Jr 1 Bedroom ~ Amenity Floor ~ W/D ~ Amazing Pool,3/17/2017 15:46,1,,2303,6031444137,Jane_Treat_High,https://chicago.craigslist.org/chc/apa/6031444137.html,https://chicago.craigslist.org/reply/chi/apa/6031444137,,,
46,chicago,"Thoughtfully designed apartment, suited for your needs!",3/17/2017 15:33,1,,1650,6014487034,Jane_Treat_High,https://chicago.craigslist.org/chc/apa/6014487034.html,https://chicago.craigslist.org/reply/chi/apa/6014487034,,,
3,chicago,Near West Loop True 2BR/2BA! Parking AVAILABLE! East Facing Balcony,3/17/2017 15:46,2,1350,2200,6037985630,Jane_Treat_High,https://chicago.craigslist.org/chc/apa/6037985630.html,https://chicago.craigslist.org/reply/chi/apa/6037985630,,,
9,chicago,Lakeview 1 Bedroom 1 Bathroom ~ Hardwood Floor ~ SS ~ W/D ~ Pool,3/17/2017 15:44,1,,2300,6031467255,Jane_Treat_High,https://chicago.craigslist.org/chc/apa/6031467255.html,https://chicago.craigslist.org/reply/chi/apa/6031467255,,,
119,chicago,1809-203 2 BDR STREET,3/17/2017 14:49,2,960,1024,6048251461,Jane_Treat_High,https://chicago.craigslist.org/nwc/apa/6048251461.html,https://chicago.craigslist.org/reply/chi/apa/6048251461,,,
112,chicago,BRAND NEW LARGE 2 BED 2 BATH - RIVER NORTH - HUGE TERRACE!!!,3/17/2017 11:42,2,,3550,6017519684,Jane_Treat_High,https://chicago.craigslist.org/chc/apa/6017519684.html,https://chicago.craigslist.org/reply/chi/apa/6017519684,,,
116,chicago,"SOUTH LOOP 2 BED / 2 BATH-- GAS RANGE, W/D, BALCONY",3/17/2017 14:30,2,,2704,6041238222,Jane_Treat_High,https://chicago.craigslist.org/chc/apa/6041238222.html,https://chicago.craigslist.org/reply/chi/apa/6041238222,,,
21,chicago,Partially Furnished Lakeview 2 Bed 1 Bath w/ All Utilities Included!,3/17/2017 15:35,2,,2200,6045332316,Jane_Treat_High,https://chicago.craigslist.org/chc/apa/6045332316.html,https://chicago.craigslist.org/reply/chi/apa/6045332316,,,
11,chicago,"Condo quality 1 bed: HWF, Granite, close to cta/grocery. 1.5 baths",3/17/2017 15:43,1,,1735,6005226131,Jane_Treat_High,https://chicago.craigslist.org/chc/apa/6005226131.html,https://chicago.craigslist.org/reply/chi/apa/6005226131,,,
51,chicago,Huge Luxury Loft. Great downtown views and across from new Whole Foods,3/17/2017 14:21,2,1700,3400,6048205294,Jane_Treat_High,https://chicago.craigslist.org/chc/apa/6048205294.html,https://chicago.craigslist.org/reply/chi/apa/6048205294,,,
55,chicago,Two Bed in the heart of Old Town,3/17/2017 14:18,2,1201,3410,6048175497,Jane_Treat_High,https://chicago.craigslist.org/chc/apa/6048175497.html,https://chicago.craigslist.org/reply/chi/apa/6048175497,,,
104,chicago,Spacious 2bd/2ba Heart of Fulton River District! Pets OK!,3/17/2017 14:38,2,,2861,6048232797,Jane_Treat_High,https://chicago.craigslist.org/chc/apa/6048232797.html,https://chicago.craigslist.org/reply/chi/apa/6048232797,,,
92,chicago,Oustanding Logan Square Location Duplex with 2 Full Bathrooms & Garage,3/17/2017 15:12,2,2000,2450,6036527615,Jane_Treat_High,https://chicago.craigslist.org/chc/apa/6036527615.html,https://chicago.craigslist.org/reply/chi/apa/6036527615,,,
58,chicago,1BR-Eat in Kitchen-HDWD Flrs-Pet Friendly-Avail 5/1-545 Chestnut,3/17/2017 15:29,1,,1295,6042596570,Jane_Treat_High,https://chicago.craigslist.org/chc/apa/6042596570.html,https://chicago.craigslist.org/reply/chi/apa/6042596570,,,
39,chicago,2 Bed in River North with Internet included!,3/17/2017 15:22,2,,2899,6026483406,Jane_Treat_High,https://chicago.craigslist.org/chc/apa/6026483406.html,https://chicago.craigslist.org/reply/chi/apa/6026483406,,,
37,chicago,Great Edgewater 1 Bed Condo w/ Heat and Cable Included!,3/17/2017 15:34,1,,1400,6035099418,Jane_Treat_High,https://chicago.craigslist.org/chc/apa/6035099418.html,https://chicago.craigslist.org/reply/chi/apa/6035099418,,,
62,chicago,Beautful Courtyard in Edgewater has one bdrm w/FREE HEAT,3/17/2017 15:29,1,900,1200,6043864998,Jane_Treat_High,https://chicago.craigslist.org/chc/apa/6043864998.html,https://chicago.craigslist.org/reply/chi/apa/6043864998,,,
56,chicago,Stunning Penthouse 2 Bed 2 Bath Condo w/ Private Rooftop Deck,3/17/2017 15:26,2,,2000,6028147071,Jane_Treat_High,https://chicago.craigslist.org/chc/apa/6028147071.html,https://chicago.craigslist.org/reply/chi/apa/6028147071,,,
58,chicago,Condo Quality 2 Bed / 1.5 Bath w/ Dining Room! Pets OK! (NHQ),3/17/2017 15:17,2,1200,1125,6048232483,Jane_Treat_High,https://chicago.craigslist.org/chc/apa/6048232483.html,https://chicago.craigslist.org/reply/chi/apa/6048232483,,,
30,chicago,Gut Rehabbed Edgewater 1 Bed Condo w/ Cable Included!,3/17/2017 15:35,1,,1275,6035136920,Jane_Treat_High,https://chicago.craigslist.org/chc/apa/6035136920.html,https://chicago.craigslist.org/reply/chi/apa/6035136920,,,
19,chicago,Spacious 1BR-Pet Friendly-HDWD-Avail. 4/1 - 550 W. Arlington,3/17/2017 15:42,1,,1550,6033457436,Jane_Treat_High,https://chicago.craigslist.org/chc/apa/6033457436.html,https://chicago.craigslist.org/reply/chi/apa/6033457436,,,
34,chicago,Gorgeous Lakeview 2 Bed 2 Bath with In unit Laundry & Exposed Brick!,3/17/2017 15:26,2,,2600,6028135691,Jane_Treat_High,https://chicago.craigslist.org/chc/apa/6028135691.html,https://chicago.craigslist.org/reply/chi/apa/6028135691,,,
109,chicago,Living in the city shouldn't mean compromising.,3/17/2017 15:24,1,,1550,6035145732,Jane_Treat_High,https://chicago.craigslist.org/chc/apa/6035145732.html,https://chicago.craigslist.org/reply/chi/apa/6035145732,,,
54,chicago,Fantastic Location in Evanston! 1BR-HDWD-Pet Friendly -1134-44 Maple,3/17/2017 15:30,1,,1350,6026798295,Jane_Treat_High,https://chicago.craigslist.org/chc/apa/6026798295.html,https://chicago.craigslist.org/reply/chi/apa/6026798295,,,
88,chicago,Gorgeous Renovated PENTHOUSE apartment,3/17/2017 15:15,2,,2240,6048282677,Jane_Treat_Low,https://chicago.craigslist.org/chc/apa/6048282677.html,https://chicago.craigslist.org/reply/chi/apa/6048282677,,,
15,chicago,"River North Conv, Walk in Closet, NEW Gym, Pool, Close to 90/94, Loop",3/17/2017 15:43,1,,1540,6005218589,Jane_Treat_Low,https://chicago.craigslist.org/chc/apa/6005218589.html,https://chicago.craigslist.org/reply/chi/apa/6005218589,,,
81,chicago,235 W Van Buren St #1920,3/17/2017 15:28,1,692,1635,6048310165,Jane_Treat_Low,https://chicago.craigslist.org/chc/apa/6048310165.html,https://chicago.craigslist.org/reply/chi/apa/6048310165,,,
113,chicago,"- Properties Available Today, Look Inside!",3/17/2017 14:33,2,,2550,6033264319,Jane_Treat_Low,https://chicago.craigslist.org/chc/apa/6033264319.html,https://chicago.craigslist.org/reply/chi/apa/6033264319,,,
21,chicago,"BRAND NEW 2BD Penthouse, VERY high-end, parking! 4/1",3/17/2017 15:19,2,,3195,6006732971,Jane_Treat_Low,https://chicago.craigslist.org/chc/apa/6006732971.html,https://chicago.craigslist.org/reply/chi/apa/6006732971,,,
47,chicago,Large 1BR-HDWD-Pet Friendly! Avail NOW! 1133-39 Oak Ave,3/17/2017 15:30,1,,1250,6033985649,Jane_Treat_Low,https://chicago.craigslist.org/chc/apa/6033985649.html,https://chicago.craigslist.org/reply/chi/apa/6033985649,,,
89,chicago,ALL BRAND NEW OUTSTANDING EAST LAKEVIEW LOCATION,3/17/2017 15:27,1,1100,1995,6045134060,Jane_Treat_Low,https://chicago.craigslist.org/chc/apa/6045134060.html,https://chicago.craigslist.org/reply/chi/apa/6045134060,,,
50,chicago,CorPorATE HouSinG AVAILABLE NOW. BEAUTIFUL ROSCOE VILLAGE.,3/17/2017 14:26,2,1100,3200,6019838351,Jane_Treat_Low,https://chicago.craigslist.org/chc/apa/6019838351.html,https://chicago.craigslist.org/reply/chi/apa/6019838351,,,
101,chicago,Charming Lakeview apartment at an amazing price.,3/17/2017 15:26,1,,1550,6048287811,Jane_Treat_Low,https://chicago.craigslist.org/chc/apa/6048287811.html,https://chicago.craigslist.org/reply/chi/apa/6048287811,,,
115,chicago,"Gut Rehab Small 1 bed, Granite, Free heat, Avail 4/1",3/17/2017 15:20,1,,1280,6032466032,Jane_Treat_Low,https://chicago.craigslist.org/chc/apa/6032466032.html,https://chicago.craigslist.org/reply/chi/apa/6032466032,,,
28,chicago,River North 1Bed|1Bath Garage $170 Includes Heat A/C Cable Internet,3/17/2017 15:36,1,840,2100,6027707334,Jane_Treat_Low,https://chicago.craigslist.org/chc/apa/6027707334.html,https://chicago.craigslist.org/reply/chi/apa/6027707334,,,
101,chicago,Big City Life! Come swing by!,3/17/2017 14:39,2,,2550,6036207954,Jane_Treat_Low,https://chicago.craigslist.org/chc/apa/6036207954.html,https://chicago.craigslist.org/reply/chi/apa/6036207954,,,
10,chicago,Bright and Beautiful One Bedroom Apartment In Logan Square,3/17/2017 15:43,1,,1295,6032503936,Jane_Treat_Low,https://chicago.craigslist.org/chc/apa/6032503936.html,https://chicago.craigslist.org/reply/chi/apa/6032503936,,,
34,chicago,South Facing! Private Entrance! Utilities Included!,3/17/2017 15:34,1,785,1135,6048319902,Jane_Treat_Low,https://chicago.craigslist.org/nwc/apa/6048319902.html,https://chicago.craigslist.org/reply/chi/apa/6048319902,,,
87,chicago,836 S Bishop St #G,3/17/2017 15:22,2,,2050,6048285644,Jane_Treat_Low,https://chicago.craigslist.org/chc/apa/6048285644.html,https://chicago.craigslist.org/reply/chi/apa/6048285644,,,
53,chicago,"SOUTH LOOP 2 BED / 2 BATH PLUS DEN PENTHOUSE - GAS RANGE, W/D, BALCONY",3/17/2017 14:19,2,,3500,6041237195,Jane_Treat_Low,https://chicago.craigslist.org/chc/apa/6041237195.html,https://chicago.craigslist.org/reply/chi/apa/6041237195,,,
60,chicago,Spacious One BR in Lakeview! Near Brown Line!,3/17/2017 15:29,1,,1250,6041228186,Jane_Treat_Low,https://chicago.craigslist.org/chc/apa/6041228186.html,https://chicago.craigslist.org/reply/chi/apa/6041228186,,,
66,chicago,Uptown 2 Bed 2 Bath Condo w/ Hardwood Floors!,3/17/2017 15:30,2,,1750,6028322595,Jane_Treat_Low,https://chicago.craigslist.org/chc/apa/6028322595.html,https://chicago.craigslist.org/reply/chi/apa/6028322595,,,
113,chicago,Bright Furnished 1 Bed 1 Bath w laundry,3/17/2017 15:20,1,,1300,6043413552,Jane_Treat_Low,https://chicago.craigslist.org/chc/apa/6043413552.html,https://chicago.craigslist.org/reply/chi/apa/6043413552,,,
30,chicago,***YOU NEED TO SEE THIS BREATHTAKING 2 BED / 2 BATH APARTMENT HOME***,3/17/2017 15:34,2,,1750,6029048165,Jane_Treat_Low,https://chicago.craigslist.org/chc/apa/6029048165.html,https://chicago.craigslist.org/reply/chi/apa/6029048165,,,
98,chicago,Stunning Penthouse 2 Bed 2 Bath Condo w/ Private Rooftop Deck,3/17/2017 15:26,2,,2000,6028147071,Jane_Treat_Low,https://chicago.craigslist.org/chc/apa/6028147071.html,https://chicago.craigslist.org/reply/chi/apa/6028147071,,,
22,chicago,Large Renovated 1BR-HDWD-Dishwasher Avail. NOW-3720 N. Pine Grove,3/17/2017 15:37,1,,1195,6033478159,Jane_Treat_Low,https://chicago.craigslist.org/chc/apa/6033478159.html,https://chicago.craigslist.org/reply/chi/apa/6033478159,,,
117,chicago,Elm/State**Internet + Direct Tv Complimentary! Available 5/1,3/17/2017 15:19,1,,1395,6048297785,Jane_Treat_Low,https://chicago.craigslist.org/chc/apa/6048297785.html,https://chicago.craigslist.org/reply/chi/apa/6048297785,,,
83,chicago,West Loop-2 Bedroom/1 Bathroom,3/17/2017 15:22,2,1000,1795,6035335764,Jane_Treat_Low,https://chicago.craigslist.org/chc/apa/6035335764.html,https://chicago.craigslist.org/reply/chi/apa/6035335764,,,
29,chicago,"BRAND NEW LOOP 2 BED / 2 BATH -- HW, SS, QUARTZ, W/D",3/17/2017 14:28,2,,3862,6017844167,Jane_Treat_Low,https://chicago.craigslist.org/chc/apa/6017844167.html,https://chicago.craigslist.org/reply/chi/apa/6017844167,,,
61,chicago,The Gold Coast's Most Dog Friendly  Two Bed!!,3/17/2017 15:03,2,,2507,6026590366,Jane_Treat_Low,https://chicago.craigslist.org/chc/apa/6026590366.html,https://chicago.craigslist.org/reply/chi/apa/6026590366,,,
87,chicago,Don't Dream a Dream but Live a Dream! Come to Lakeview!!!,3/17/2017 15:24,1,,1400,6015166816,Jane_Treat_Low,https://chicago.craigslist.org/chc/apa/6015166816.html,https://chicago.craigslist.org/reply/chi/apa/6015166816,,,
115,chicago,Awesome Views!! 1BR/1.5BA/GOLD COAST,3/17/2017 11:39,1,945,3500,6047885696,Jane_Treat_Low,https://chicago.craigslist.org/chc/apa/6047885696.html,https://chicago.craigslist.org/reply/chi/apa/6047885696,,,
23,chicago,Renovated 2BR Avail. 5/1-HDWD-DW-No Sec.Dep - 3720 N. Pine Grove,3/17/2017 15:37,2,,2095,6036592593,Jane_Treat_Low,https://chicago.craigslist.org/chc/apa/6036592593.html,https://chicago.craigslist.org/reply/chi/apa/6036592593,,,
51,chicago,Two Bedroom HOUSE for Rent in Prime Lakeview Location,3/17/2017 15:14,2,1800,2800,6045278105,Jane_Treat_Low,https://chicago.craigslist.org/chc/apa/6045278105.html,https://chicago.craigslist.org/reply/chi/apa/6045278105,,,
95,chicago,"Priced right, ready for showing. Available now!",3/17/2017 15:26,1,,1599,6038182647,John_Control,https://chicago.craigslist.org/chc/apa/6038182647.html,https://chicago.craigslist.org/reply/chi/apa/6038182647,,,
37,chicago,New Renovations!SSA-DW-HDWD-Pet Friendly Bldg! Avail 4/1,3/17/2017 15:36,1,,1795,6007860091,John_Control,https://chicago.craigslist.org/chc/apa/6007860091.html,https://chicago.craigslist.org/reply/chi/apa/6007860091,,,
74,chicago,HAVING YOU LIVE AT HAMPSHIRE PARK WOULD BE PICTURE PERFECT!!!,3/17/2017 15:25,2,1359,1062,6039294608,John_Control,https://chicago.craigslist.org/nwi/apa/6039294608.html,https://chicago.craigslist.org/reply/chi/apa/6039294608,,,
63,chicago,Stunning 2 Bed 2 Bath Condo w/ Private Rooftop Deck & Parking Included,3/17/2017 15:26,2,,2000,6038288380,John_Control,https://chicago.craigslist.org/chc/apa/6038288380.html,https://chicago.craigslist.org/reply/chi/apa/6038288380,,,
22,chicago,*** LARGE FANTASTIC 2 BED/2 BATH - PERFECT LAYOUT & AMENITIES ***,3/17/2017 15:30,2,1243,2662,6029017206,John_Control,https://chicago.craigslist.org/chc/apa/6029017206.html,https://chicago.craigslist.org/reply/chi/apa/6029017206,,,
41,chicago,LARGE 1 bedroom !!! fully renovated,3/17/2017 15:32,1,815,1170,6044851432,John_Control,https://chicago.craigslist.org/nwc/apa/6044851432.html,https://chicago.craigslist.org/reply/chi/apa/6044851432,,,
81,chicago,"710 Sq Ft 1 Bed, 1 Bath- Heat Incld - Cls to EL - Available April 1",3/17/2017 15:25,1,710,1150,6048300094,John_Control,https://chicago.craigslist.org/chc/apa/6048300094.html,https://chicago.craigslist.org/reply/chi/apa/6048300094,,,
89,chicago,Gentle place to stay even for the most sensitive.,3/17/2017 15:21,1,,2149,6045177764,John_Control,https://chicago.craigslist.org/chc/apa/6045177764.html,https://chicago.craigslist.org/reply/chi/apa/6045177764,,,
26,chicago,Stop. Look. Lease! Save $1200 today only on Super Spacious 1BR!,3/17/2017 15:36,1,850,1399,6048323281,John_Control,https://chicago.craigslist.org/nch/apa/6048323281.html,https://chicago.craigslist.org/reply/chi/apa/6048323281,,,
37,chicago,Lakeview 2 Bed 2 Bath with In unit Laundry and Exposed Brick Walls!,3/17/2017 15:26,2,,2600,6041961825,John_Control,https://chicago.craigslist.org/chc/apa/6041961825.html,https://chicago.craigslist.org/reply/chi/apa/6041961825,,,
87,chicago,"MOdern 1bd, in unit W/D, AC, granite, avail 5/1",3/17/2017 15:27,1,,1525,6048308936,John_Control,https://chicago.craigslist.org/chc/apa/6048308936.html,https://chicago.craigslist.org/reply/chi/apa/6048308936,,,
117,chicago,Spacious 2 brm/1ba  w/HW Floors,3/17/2017 14:51,2,850,1280,6048237879,John_Control,https://chicago.craigslist.org/nch/apa/6048237879.html,https://chicago.craigslist.org/reply/chi/apa/6048237879,,,
25,chicago,Gorgeous Lakeview 2 Bed 2 Bath with In unit Laundry & Exposed Brick!,3/17/2017 15:30,2,,2600,6031823406,John_Control,https://chicago.craigslist.org/chc/apa/6031823406.html,https://chicago.craigslist.org/reply/chi/apa/6031823406,,,
64,chicago,BRAND NEW W/ PARKING! BRAND NEW! BRAND NEW! BRAND NEW! BRAND NEW!,3/17/2017 15:27,2,1400,1600,6048302165,John_Control,https://chicago.craigslist.org/chc/apa/6048302165.html,https://chicago.craigslist.org/reply/chi/apa/6048302165,,,
11,chicago,"Spacious 2 Bed, OGILVIE/UNION STATION, Gym, Onsite Restaurants",3/17/2017 15:42,2,,2365,6006685521,John_Control,https://chicago.craigslist.org/chc/apa/6006685521.html,https://chicago.craigslist.org/reply/chi/apa/6006685521,,,
117,chicago,"2BR, 1.5BA Condo with 1 car garage",3/17/2017 15:06,2,1200,1500,6030056062,John_Control,https://chicago.craigslist.org/wcl/apa/6030056062.html,https://chicago.craigslist.org/reply/chi/apa/6030056062,,,
27,chicago,North Lakeview 1 Bedroom ~ Balcony ~ SS ~ Granite ~ Pet Friendly,3/17/2017 15:41,1,840,1680,6023375094,John_Control,https://chicago.craigslist.org/chc/apa/6023375094.html,https://chicago.craigslist.org/reply/chi/apa/6023375094,,,
112,chicago,BRAND NEW LARGE 2 BED 2 BATH - RIVER NORTH - HUGE TERRACE!!!,3/17/2017 11:42,2,,3550,6017519684,John_Control,https://chicago.craigslist.org/chc/apa/6017519684.html,https://chicago.craigslist.org/reply/chi/apa/6017519684,,,
88,chicago,"Hot Berwyn - walk to train, dining, retail and more!  84 Walk score!!",3/17/2017 15:24,2,1000,1150,6038622771,John_Control,https://chicago.craigslist.org/sox/apa/6038622771.html,https://chicago.craigslist.org/reply/chi/apa/6038622771,,,
114,chicago,"Fantastic 1 BED Property, CLICK TO SEE MORE!",3/17/2017 15:20,1,,1240,6048248891,John_Control,https://chicago.craigslist.org/chc/apa/6048248891.html,https://chicago.craigslist.org/reply/chi/apa/6048248891,,,
74,chicago,"Wicker Park Spacious 1BR/1BA, Office Area, Excellent Storage Space",3/17/2017 15:29,1,,1650,6048311455,John_Control,https://chicago.craigslist.org/chc/apa/6048311455.html,https://chicago.craigslist.org/reply/chi/apa/6048311455,,,
52,chicago,New Renovations! SSA-DW-Pet Friendly 2BR Available 4/1 - Green Bay,3/17/2017 15:29,2,,1850,6016322515,John_Control,https://chicago.craigslist.org/chc/apa/6016322515.html,https://chicago.craigslist.org/reply/chi/apa/6016322515,,,
36,chicago,Terrific 1BR-Ren-SSA-DW-HDWD-Pet Friendly - 625 Wrightwood,3/17/2017 15:36,1,,1595,6033529716,John_Control,https://chicago.craigslist.org/chc/apa/6033529716.html,https://chicago.craigslist.org/reply/chi/apa/6033529716,,,
53,chicago,Renovated 1BR-Eat-in Kitchen - Pet friendly- Avail.  4/1!  1128 Maple,3/17/2017 15:30,1,,1450,6012178649,John_Control,https://chicago.craigslist.org/chc/apa/6012178649.html,https://chicago.craigslist.org/reply/chi/apa/6012178649,,,
116,chicago,1813-303 2 BDR STREET,3/17/2017 14:51,2,960,1034,6043418238,John_Control,https://chicago.craigslist.org/nwc/apa/6043418238.html,https://chicago.craigslist.org/reply/chi/apa/6043418238,,,
110,chicago,Beautiful 2 bedroom with gourmet kitchen! Recently reduced!,3/17/2017 13:12,2,,3039,6043968741,John_Control,https://chicago.craigslist.org/chc/apa/6043968741.html,https://chicago.craigslist.org/reply/chi/apa/6043968741,,,
113,chicago,Tremendous value. Imposing rental that will catch your eye.,3/17/2017 14:59,2,,2499,6036648700,John_Control,https://chicago.craigslist.org/chc/apa/6036648700.html,https://chicago.craigslist.org/reply/chi/apa/6036648700,,,
21,chicago,Large 1BR-HDWD-Pet Friendly - Avail. NOW -  3720 N. Pine Grove,3/17/2017 15:37,1,,1350,6016299306,John_Control,https://chicago.craigslist.org/chc/apa/6016299306.html,https://chicago.craigslist.org/reply/chi/apa/6016299306,,,
3,chicago,Newberry Plaza 1030 N State St Gold Coast Apartment for Rent 1 BR 1 BA,3/17/2017 15:45,1,650,1795,6032186975,John_Control,https://chicago.craigslist.org/nch/apa/6032186975.html,https://chicago.craigslist.org/reply/chi/apa/6032186975,,,
8,chicago,BEST PRICE FOR THIS RENOVATED 1 BEDROOM APARTMENT HOME IN EDGEWATER,3/17/2017 15:44,1,,1375,6048334887,John_Control,https://chicago.craigslist.org/chc/apa/6048334887.html,https://chicago.craigslist.org/reply/chi/apa/6048334887,,,
59,chicago,Stunning Penthouse 2 Bed 2 Bath Condo w/ Private Rooftop Deck,3/17/2017 15:28,2,,2000,6028170510,John_Treat_High,https://chicago.craigslist.org/chc/apa/6028170510.html,https://chicago.craigslist.org/reply/chi/apa/6028170510,,,
6,chicago,BREATHTAKING LUXURY HOME WITH THE AMENITIES YOU DESERVE,3/17/2017 15:44,1,,1999,6029114810,John_Treat_High,https://chicago.craigslist.org/chc/apa/6029114810.html,https://chicago.craigslist.org/reply/chi/apa/6029114810,,,
0,chicago,***GREAT NEW LEASE SPECIAL - UTILITIES INCLUDED - CALL NOW***,3/17/2017 15:48,2,1278,3054,6029193733,John_Treat_High,https://chicago.craigslist.org/chc/apa/6029193733.html,https://chicago.craigslist.org/reply/chi/apa/6029193733,,,
48,chicago,Leasing Specials! Call for Details!,3/17/2017 15:20,2,,2899,6007744299,John_Treat_High,https://chicago.craigslist.org/chc/apa/6007744299.html,https://chicago.craigslist.org/reply/chi/apa/6007744299,,,
17,chicago,Amazing 1 Bedroom 1 Bathroom in South Loop ~ W/D ~ Granite ~ HW Floor,3/17/2017 15:41,1,,2259,6033402574,John_Treat_High,https://chicago.craigslist.org/chc/apa/6033402574.html,https://chicago.craigslist.org/reply/chi/apa/6033402574,,,
107,chicago,***BRAND NEW LUXURY 2 BED - FULL AMENITIES - BE THE FIRST***,3/17/2017 14:38,2,,2668,6048233010,John_Treat_High,https://chicago.craigslist.org/chc/apa/6048233010.html,https://chicago.craigslist.org/reply/chi/apa/6048233010,,,
116,chicago,Amazing 2Bed/2Bath In Gold Coast - Available Now!!,3/17/2017 11:29,2,1315,3800,6015838634,John_Treat_High,https://chicago.craigslist.org/chc/apa/6015838634.html,https://chicago.craigslist.org/reply/chi/apa/6015838634,,,
41,chicago,Inexpensive Two Bed Unit with Great Amenities,3/17/2017 15:21,2,,2507,6036530928,John_Treat_High,https://chicago.craigslist.org/chc/apa/6036530928.html,https://chicago.craigslist.org/reply/chi/apa/6036530928,,,
95,chicago,2 BR/1BA CONCRETE LOFT CONDO FOR RENT RIVER NORTH 2500.00 MUST SEE!!,3/17/2017 15:19,2,990,2500,6048298035,John_Treat_High,https://chicago.craigslist.org/chc/apa/6048298035.html,https://chicago.craigslist.org/reply/chi/apa/6048298035,,,
107,chicago,"Don't be afraid of commitment, this apt is a great companion!",3/17/2017 15:24,1,,1650,6012078666,John_Treat_High,https://chicago.craigslist.org/chc/apa/6012078666.html,https://chicago.craigslist.org/reply/chi/apa/6012078666,,,
63,chicago,Apt 2703‚Üê Fully Renovated Apartment!,3/17/2017 14:08,2,1278,3434,6048184531,John_Treat_High,https://chicago.craigslist.org/chc/apa/6048184531.html,https://chicago.craigslist.org/reply/chi/apa/6048184531,,,
114,chicago,BUENA PARK 2 BED/ 1 BATH! CORNER APARTMENT!,3/17/2017 15:07,2,900,1574,6045240451,John_Treat_High,https://chicago.craigslist.org/chc/apa/6045240451.html,https://chicago.craigslist.org/reply/chi/apa/6045240451,,,
31,chicago,Renovated 1 Bedroom-New Kitchen-SSA-DW-Avail 5/1! 740-50 W. Addison,3/17/2017 15:37,1,,1695,6023964519,John_Treat_High,https://chicago.craigslist.org/chc/apa/6023964519.html,https://chicago.craigslist.org/reply/chi/apa/6023964519,,,
27,chicago,6 Mo. Free Parking! Grand 1 Bedroom/1.5BA in Streeterville! Luxurious!,3/17/2017 15:36,1,879,2422,6048323162,John_Treat_High,https://chicago.craigslist.org/chc/apa/6048323162.html,https://chicago.craigslist.org/reply/chi/apa/6048323162,,,
109,chicago,"Phenomenal Gold Coast 1 Bedroom, W/D In unit, Hardwood Floors!",3/17/2017 13:13,1,,3500,6048092749,John_Treat_High,https://chicago.craigslist.org/chc/apa/6048092749.html,https://chicago.craigslist.org/reply/chi/apa/6048092749,,,
112,chicago,***THIS IS THE AMAZING BUILDING YOU'VE BEEN MISSING***,3/17/2017 14:32,1,,2532,6048204066,John_Treat_High,https://chicago.craigslist.org/chc/apa/6048204066.html,https://chicago.craigslist.org/reply/chi/apa/6048204066,,,
85,chicago,Rehabbed 1BD Apt in Lakeview Near Red Line w In-Unit Laundry!,3/17/2017 15:28,1,,1575,6044619526,John_Treat_High,https://chicago.craigslist.org/chc/apa/6044619526.html,https://chicago.craigslist.org/reply/chi/apa/6044619526,,,
56,chicago,Stunning 2 Bed 2 Bath Condo w/ Private Rooftop Deck & Parking Included,3/17/2017 15:27,2,,2000,6022009419,John_Treat_High,https://chicago.craigslist.org/chc/apa/6022009419.html,https://chicago.craigslist.org/reply/chi/apa/6022009419,,,
80,chicago,"Dog Friendly, Gourmet Kitchens, Awesome Sundeck-",3/17/2017 14:57,2,,2507,6026483426,John_Treat_High,https://chicago.craigslist.org/chc/apa/6026483426.html,https://chicago.craigslist.org/reply/chi/apa/6026483426,,,
11,chicago,Spacious 1BR-Pet Friendly-No Sec. Dep-Avail. NOW - 550 W. Arlington,3/17/2017 15:42,1,,1395,6033459227,John_Treat_High,https://chicago.craigslist.org/chc/apa/6033459227.html,https://chicago.craigslist.org/reply/chi/apa/6033459227,,,
0,chicago,RIVER NORTH 1 BEDROOM ~ POOL ~ GYM ~ GRANITE ~ BEAUTIFUL VIEWS,3/17/2017 15:47,1,,2250,6031435820,John_Treat_High,https://chicago.craigslist.org/chc/apa/6031435820.html,https://chicago.craigslist.org/reply/chi/apa/6031435820,,,
101,chicago,"Great Rehab w/ Hardwood! Pets OK. Metra 3 Blocks, Brown 5 Blocks!",3/17/2017 15:22,1,,1250,6048301736,John_Treat_High,https://chicago.craigslist.org/chc/apa/6048301736.html,https://chicago.craigslist.org/reply/chi/apa/6048301736,,,
70,chicago,"Large, Renovated 2 bed/2 bath! Heat, Water and Cooking Gas included!",3/17/2017 15:12,2,1050,1325,6048286368,John_Treat_High,https://chicago.craigslist.org/wcl/apa/6048286368.html,https://chicago.craigslist.org/reply/chi/apa/6048286368,,,
29,chicago,It can't get any better! Luxury 2 Bed/2Bath Apartment in Lincoln Park,3/17/2017 15:08,2,1180,3420,6048273500,John_Treat_High,https://chicago.craigslist.org/nch/apa/6048273500.html,https://chicago.craigslist.org/reply/chi/apa/6048273500,,,
23,chicago,Large Renovated 1BR-HDWD-Dishwasher Avail. NOW-3720 N. Pine Grove,3/17/2017 15:37,1,,1350,6023965851,John_Treat_High,https://chicago.craigslist.org/chc/apa/6023965851.html,https://chicago.craigslist.org/reply/chi/apa/6023965851,,,
24,chicago,Gorgeous Lakeview 2 Bed 2 Bath with In unit Laundry & Exposed Brick!,3/17/2017 15:31,2,,2600,6035071669,John_Treat_High,https://chicago.craigslist.org/chc/apa/6035071669.html,https://chicago.craigslist.org/reply/chi/apa/6035071669,,,
21,chicago,Old Town-1 Bedroom/1 Bathroom,3/17/2017 15:38,1,664,2488,6048326747,John_Treat_High,https://chicago.craigslist.org/chc/apa/6048326747.html,https://chicago.craigslist.org/reply/chi/apa/6048326747,,,
10,chicago,Only one 2 Bedroom with Loft left! 6 miles to METRA station!,3/17/2017 15:48,2,,1699,6048341184,John_Treat_High,https://chicago.craigslist.org/wcl/apa/6048341184.html,https://chicago.craigslist.org/reply/chi/apa/6048341184,,,
47,chicago,Dearborn/Maple**Gold Coast**Pay Electric Only! Available 4/1,3/17/2017 15:33,1,,1640,6048318717,John_Treat_High,https://chicago.craigslist.org/chc/apa/6048318717.html,https://chicago.craigslist.org/reply/chi/apa/6048318717,,,
18,chicago,Spacious 1BR-Pet Friendly-HDWD-Avail. 5/1 - 550 W. Arlington,3/17/2017 15:42,1,,1550,6036709345,John_Treat_High,https://chicago.craigslist.org/chc/apa/6036709345.html,https://chicago.craigslist.org/reply/chi/apa/6036709345,,,
7,chicago,Gold Coast 1 Bedroom 1 Bathroom ~ Breakfast Bar ~ Pet Friendly ~ SS,3/17/2017 15:44,1,,1800,6031463949,John_Treat_Low,https://chicago.craigslist.org/chc/apa/6031463949.html,https://chicago.craigslist.org/reply/chi/apa/6031463949,,,
76,chicago,Walk in closets so big they should be live in closets,3/17/2017 15:25,1,,1345,6018040696,John_Treat_Low,https://chicago.craigslist.org/chc/apa/6018040696.html,https://chicago.craigslist.org/reply/chi/apa/6018040696,,,
13,chicago,River North Convertible ~ Pet Friendly ~ W/D ~ Balcony ~ Basketball,3/17/2017 15:43,1,,2203,6031467481,John_Treat_Low,https://chicago.craigslist.org/chc/apa/6031467481.html,https://chicago.craigslist.org/reply/chi/apa/6031467481,,,
75,chicago,Lake View-1 Bedroom/1 Bathroom,3/17/2017 15:25,1,,1445,6038132569,John_Treat_Low,https://chicago.craigslist.org/chc/apa/6038132569.html,https://chicago.craigslist.org/reply/chi/apa/6038132569,,,
27,chicago,Gorgeous Lakeview 2 Bed 2 Bath with In unit Laundry!,3/17/2017 15:28,2,,2600,6022001877,John_Treat_Low,https://chicago.craigslist.org/chc/apa/6022001877.html,https://chicago.craigslist.org/reply/chi/apa/6022001877,,,
71,chicago,Beautful Courtyard in Edgewater has one bdrm w/FREE HEAT,3/17/2017 15:28,1,900,1200,6036491564,John_Treat_Low,https://chicago.craigslist.org/chc/apa/6036491564.html,https://chicago.craigslist.org/reply/chi/apa/6036491564,,,
50,chicago,MOVE IN MARCH! MOVE IN MARCH! MOVE IN MARCH! MOVE IN MARCH!,3/17/2017 15:23,2,1300,1375,6048303342,John_Treat_Low,https://chicago.craigslist.org/chc/apa/6048303342.html,https://chicago.craigslist.org/reply/chi/apa/6048303342,,,
18,chicago,2 BR/1BA CONCRETE LOFT CONDO FOR RENT RIVER NORTH 2500.00 MUST SEE!!,3/17/2017 15:37,2,,2500,6048324102,John_Treat_Low,https://chicago.craigslist.org/chc/apa/6048324102.html,https://chicago.craigslist.org/reply/chi/apa/6048324102,,,
41,chicago,Stunning 2 Bed 2 Bath Condo w/ Private Rooftop Deck & Parking Included,3/17/2017 15:31,2,,2000,6031836565,John_Treat_Low,https://chicago.craigslist.org/chc/apa/6031836565.html,https://chicago.craigslist.org/reply/chi/apa/6031836565,,,
28,chicago,Large 1BR-Dishwasher-No Sec.Dep-Avail 5/1-1200-02 W. Wellington,3/17/2017 15:35,1,,1495,6042646536,John_Treat_Low,https://chicago.craigslist.org/chc/apa/6042646536.html,https://chicago.craigslist.org/reply/chi/apa/6042646536,,,
103,chicago,***BRAND NEW LUXURY 2 BED - FULL AMENITIES - BE THE FIRST***,3/17/2017 14:38,2,,2668,6048233010,John_Treat_Low,https://chicago.craigslist.org/chc/apa/6048233010.html,https://chicago.craigslist.org/reply/chi/apa/6048233010,,,
49,chicago,Huge 1 BR - Open Floor Plan w/Balcony - In Unit W/D - Great Location,3/17/2017 15:32,1,720,1766,6048292233,John_Treat_Low,https://chicago.craigslist.org/chc/apa/6048292233.html,https://chicago.craigslist.org/reply/chi/apa/6048292233,,,
94,chicago,Lake View-1 Bedroom/1 Bathroom,3/17/2017 15:23,1,,1445,6045424235,John_Treat_Low,https://chicago.craigslist.org/chc/apa/6045424235.html,https://chicago.craigslist.org/reply/chi/apa/6045424235,,,
65,chicago,2 BED 1 BATH APARTMENT,3/17/2017 15:28,2,1000,1175,6048287542,John_Treat_Low,https://chicago.craigslist.org/wcl/apa/6048287542.html,https://chicago.craigslist.org/reply/chi/apa/6048287542,,,
32,chicago,Wood floors + natural sunlight can be yours 5/1,3/17/2017 15:34,1,600,1375,6048287565,John_Treat_Low,https://chicago.craigslist.org/chc/apa/6048287565.html,https://chicago.craigslist.org/reply/chi/apa/6048287565,,,
13,chicago,How CONVENIENT. Across the street from Union Station,3/17/2017 15:42,1,,1485,6006682653,John_Treat_Low,https://chicago.craigslist.org/chc/apa/6006682653.html,https://chicago.craigslist.org/reply/chi/apa/6006682653,,,
118,chicago,CENTER OF CHICAGO~GORGEOUS BRAND NEW 2 BED~NO CARPET~AVAILABLE NOW!!!!,3/17/2017 11:28,2,1228,3970,6015046629,John_Treat_Low,https://chicago.craigslist.org/chc/apa/6015046629.html,https://chicago.craigslist.org/reply/chi/apa/6015046629,,,
41,chicago,2 MONTHS FREE! AMAZING LOFT STYLE HOMES! 2BR / 2BA FLOOR PLAN!,3/17/2017 14:41,2,,3000,6048229133,John_Treat_Low,https://chicago.craigslist.org/chc/apa/6048229133.html,https://chicago.craigslist.org/reply/chi/apa/6048229133,,,
7,chicago,Buena Park 2 Bed 2 Bath ~ SS ~ Granite ~ Great View of City ~ Garage,3/17/2017 15:48,2,,1975,6031435547,John_Treat_Low,https://chicago.craigslist.org/chc/apa/6031435547.html,https://chicago.craigslist.org/reply/chi/apa/6031435547,,,
18,chicago,"Roof Top Grilling Kitchen, Boutique Apartment Living, Printing",3/17/2017 15:33,1,1407,2515,6035134707,John_Treat_Low,https://chicago.craigslist.org/wcl/apa/6035134707.html,https://chicago.craigslist.org/reply/chi/apa/6035134707,,,
57,chicago,Gut Rehabbed Edgewater 1 Bed Condo w/ Cable Included!,3/17/2017 15:29,1,,1275,6028184470,John_Treat_Low,https://chicago.craigslist.org/chc/apa/6028184470.html,https://chicago.craigslist.org/reply/chi/apa/6028184470,,,
73,chicago,"CONDO IN ELEVATOR BLDG! HEAT, GARAGE PARKING & STORAGE UNIT INCLUDED!",3/17/2017 15:24,2,1255,1695,6048305306,John_Treat_Low,https://chicago.craigslist.org/chc/apa/6048305306.html,https://chicago.craigslist.org/reply/chi/apa/6048305306,,,
106,chicago,Incredible find!,3/17/2017 15:21,1,,1345,6042562144,John_Treat_Low,https://chicago.craigslist.org/chc/apa/6042562144.html,https://chicago.craigslist.org/reply/chi/apa/6042562144,,,
69,chicago,Renovated Large Studio Available 5/1 in Highland Park-643 Central Ave,3/17/2017 15:28,1,,1450,6042560674,John_Treat_Low,https://chicago.craigslist.org/chc/apa/6042560674.html,https://chicago.craigslist.org/reply/chi/apa/6042560674,,,
40,chicago,Lakeview 2 Bed 2 Bath with In unit Laundry and Exposed Brick Walls!,3/17/2017 15:24,2,,2600,6026652341,John_Treat_Low,https://chicago.craigslist.org/chc/apa/6026652341.html,https://chicago.craigslist.org/reply/chi/apa/6026652341,,,
34,chicago,Renovated North Center 2BD Apt steps from Brown Line! SS Appliances!,3/17/2017 15:32,2,,1600,6038692962,John_Treat_Low,https://chicago.craigslist.org/chc/apa/6038692962.html,https://chicago.craigslist.org/reply/chi/apa/6038692962,,,
63,chicago,Great Two Bed in Lakeview - No Security Deposit!,3/17/2017 15:27,2,,1895,6024413669,John_Treat_Low,https://chicago.craigslist.org/chc/apa/6024413669.html,https://chicago.craigslist.org/reply/chi/apa/6024413669,,,
71,chicago,Stunning 2 Bed 2 Bath Condo w/ Private Rooftop Deck & Parking Included,3/17/2017 15:29,2,,2000,6028181934,John_Treat_Low,https://chicago.craigslist.org/chc/apa/6028181934.html,https://chicago.craigslist.org/reply/chi/apa/6028181934,,,
97,chicago,Gut Rehabbed Edgewater 1 Bed Condo w/ Cable Included!,3/17/2017 15:23,1,,1275,6032523916,John_Treat_Low,https://chicago.craigslist.org/chc/apa/6032523916.html,https://chicago.craigslist.org/reply/chi/apa/6032523916,,,
99,chicago,Pet friendly Portage Park beauty available NOW.....,3/17/2017 14:56,2,,1300,6018669898,John_Treat_Low,https://chicago.craigslist.org/chc/apa/6018669898.html,https://chicago.craigslist.org/reply/chi/apa/6018669898,,,
