,city,Listing_Title,Posting_Date,Bedrooms,Sqft,Price,posting_ID,treatment_assignment,full_URL,Reply_contact_info_link,reply_email_TO_BE_FILLED_IN,Apartment_Complex_Flag
21,sandiego,May Is Coming Fast..Hold your new Home Today!!! W/D Included!!,3/17/17 13:39,2,910,1800,6048327828,Jane_Control,https://sandiego.craigslist.org/csd/apa/6048327828.html,https://sandiego.craigslist.org/reply/sdo/apa/6048327828,zfmsk-6048327828@hous.craigslist.org,1
6,sandiego,"2 bedroom + Den, 2 bath house near SDSU",3/17/17 13:35,2,1200,2600,6048321010,Jane_Control,https://sandiego.craigslist.org/csd/apa/6048321010.html,https://sandiego.craigslist.org/reply/sdo/apa/6048321010,r9fnd-6048321010@hous.craigslist.org,0
61,sandiego,Corner 2 bedroom apartment with new floors,3/17/17 11:51,2,1038,2230,6048125349,Jane_Control,https://sandiego.craigslist.org/nsd/apa/6048125349.html,https://sandiego.craigslist.org/reply/sdo/apa/6048125349,No email - posting deleted,posting deleted
82,sandiego,Spacious Renovated One Bedroom on the Top Floor in Scripps Ranch!!!,3/17/17 12:52,1,855,1876,6048256267,Jane_Control,https://sandiego.craigslist.org/csd/apa/6048256267.html,https://sandiego.craigslist.org/reply/sdo/apa/6048256267,No email - posting deleted,posting deleted
34,sandiego,PRIME KENSINGTON LOCATION - SPACIOUS 2 BEDROOM/2 BATH APARTMENT,3/17/17 13:31,2,600,1700,6048315717,Jane_Control,https://sandiego.craigslist.org/csd/apa/6048315717.html,https://sandiego.craigslist.org/reply/sdo/apa/6048315717,74bhq-6048315717@hous.craigslist.org,1
41,sandiego,1 BLOCK FROM THE BEACH!,3/16/17 15:06,2,,3595,6047029451,Jane_Control,https://sandiego.craigslist.org/ssd/apa/6047029451.html,https://sandiego.craigslist.org/reply/sdo/apa/6047029451,q5hxt-6047029451@hous.craigslist.org,1
63,sandiego,2 bed rooms Chula Vista,3/17/17 8:34,2,,1350,6038206711,Jane_Control,https://sandiego.craigslist.org/csd/apa/6038206711.html,https://sandiego.craigslist.org/reply/sdo/apa/6038206711,No email - phone only,phone only
30,sandiego,"High Floor Soft Loft w/ Large Living Room, Walk-in Closet, & Balcony!",3/17/17 12:16,1,800,2633,6048197612,Jane_Control,https://sandiego.craigslist.org/csd/apa/6048197612.html,https://sandiego.craigslist.org/reply/sdo/apa/6048197612,No email - phone only,phone only
51,sandiego,Stunning views of downtown and the bay-Penthouse Life,3/16/17 13:17,1,705,3574,6046874140,Jane_Control,https://sandiego.craigslist.org/csd/apa/6046874140.html,https://sandiego.craigslist.org/reply/sdo/apa/6046874140,c48ss-6046874140@hous.craigslist.org,1
16,sandiego,"SHOWING TODAY! 6152 BROOKLYN AVE. SAN DIEGO, CA 92114",3/17/17 11:59,2,,1250,6048170789,Jane_Control,https://sandiego.craigslist.org/csd/apa/6048170789.html,https://sandiego.craigslist.org/reply/sdo/apa/6048170789,No email - posting deleted,posting deleted
113,sandiego,Pet Friendly!!! 2 Bed /1 Bath on a Beautiful Gated Community,3/17/17 12:27,2,,1615,6048215658,Jane_Control,https://sandiego.craigslist.org/ssd/apa/6048215658.html,https://sandiego.craigslist.org/reply/sdo/apa/6048215658,greenbrier@hcares.com,1
84,sandiego,Beautiful Community! Spacious One Bedroom! Washer & Dryer! Hurry!,3/17/17 12:50,1,740,1585,6048252597,Jane_Control,https://sandiego.craigslist.org/nsd/apa/6048252597.html,https://sandiego.craigslist.org/reply/sdo/apa/6048252597,wfbxw-6048252597@hous.craigslist.org,1
93,sandiego,"Huge Dual Master, Near Shops and Dining in East Village!",3/16/17 12:52,2,1102,3159,6046835527,Jane_Control,https://sandiego.craigslist.org/csd/apa/6046835527.html,https://sandiego.craigslist.org/reply/sdo/apa/6046835527,No email - phone only,phone only
78,sandiego,"Stainless Steel Appliances, Professionally Managed, Pet Friendly",3/17/17 12:56,2,725,1745,6048231137,Jane_Control,https://sandiego.craigslist.org/csd/apa/6048231137.html,https://sandiego.craigslist.org/reply/sdo/apa/6048231137,No email - phone only,phone only
89,sandiego,OCEAN BEACH ONE BEDROOM,3/17/17 12:47,1,,1505,6038557040,Jane_Control,https://sandiego.craigslist.org/csd/apa/6038557040.html,https://sandiego.craigslist.org/reply/sdo/apa/6038557040,pointloma@hcares.com,1
1,sandiego,Upstairs 3rd floor unit; elevator; garage space,3/17/17 13:53,1,600,1545,6045247632,Jane_Control,https://sandiego.craigslist.org/csd/apa/6045247632.html,https://sandiego.craigslist.org/reply/sdo/apa/6045247632,No email - phone only,phone only
81,sandiego,**MUST SEE** LARGE 1+1 CENTRAL AC AND HEAT!,3/17/17 11:32,1,,1390,6038056461,Jane_Control,https://sandiego.craigslist.org/nsd/apa/6038056461.html,https://sandiego.craigslist.org/reply/sdo/apa/6038056461,s3g7g-6038056461@hous.craigslist.org,1
81,sandiego,2 Bed 1 Bath Duplex 2 blocks from the beach,3/17/17 10:47,2,,2700,6048029510,Jane_Control,https://sandiego.craigslist.org/nsd/apa/6048029510.html,https://sandiego.craigslist.org/reply/sdo/apa/6048029510,No email - phone only,phone only
44,sandiego,Wait list Available For Guava Court!,3/17/17 12:30,1,700,1300,6048220081,Jane_Control,https://sandiego.craigslist.org/ssd/apa/6048220081.html,https://sandiego.craigslist.org/reply/sdo/apa/6048220081,ghq9h-6048220081@hous.craigslist.org,1
27,sandiego,Beautiful townhome in gated community of Leucadia Village!,3/17/17 10:42,2,1279,3000,6048037790,Jane_Control,https://sandiego.craigslist.org/nsd/apa/6048037790.html,https://sandiego.craigslist.org/reply/sdo/apa/6048037790,t8mx6-6048037790@hous.craigslist.org,1
93,sandiego,Largest Two Bedroom we have - with a pool view!,3/17/17 10:12,2,1257,2905,6047986446,Jane_Control,https://sandiego.craigslist.org/csd/apa/6047986446.html,https://sandiego.craigslist.org/reply/sdo/apa/6047986446,No email - posting deleted,posting deleted
12,sandiego,$800 OFF Your Move-In! Two Bedroom Available Today!,3/17/17 13:06,2,1176,2620,6048255789,Jane_Control,https://sandiego.craigslist.org/csd/apa/6048255789.html,https://sandiego.craigslist.org/reply/sdo/apa/6048255789,q3nmc-6048255789@hous.craigslist.org,1
97,sandiego,"10ft ceilings, heated saltwater pool, granite counters, w/d, a/c, heat",3/17/17 11:16,1,667,2080,6048068913,Jane_Control,https://sandiego.craigslist.org/nsd/apa/6048068913.html,https://sandiego.craigslist.org/reply/sdo/apa/6048068913,zdrjd-6048068913@hous.craigslist.org,1
10,sandiego,Cute 2 Bedroom Condo!,3/17/17 13:47,2,,1850,6048339712,Jane_Control,https://sandiego.craigslist.org/csd/apa/6048339712.html,https://sandiego.craigslist.org/reply/sdo/apa/6048339712,r87qt-6048339712@hous.craigslist.org,1
111,sandiego,Special***Spacious 1bd/1ba in pet friendly complex,3/17/17 12:29,1,780,1500,6048219127,Jane_Control,https://sandiego.craigslist.org/csd/apa/6048219127.html,https://sandiego.craigslist.org/reply/sdo/apa/6048219127,z2zmq-6048219127@hous.craigslist.org,1
113,sandiego,3626 42 St #1,3/17/17 11:18,1,,1100,6048100854,Jane_Control,https://sandiego.craigslist.org/csd/apa/6048100854.html,https://sandiego.craigslist.org/reply/sdo/apa/6048100854,6gjtn-6048100854@hous.craigslist.org,0
48,sandiego,NICE APARTMENT $2300/MONTH!! 1BR | 1BA,3/17/17 12:45,1,,2300,6018511029,Jane_Control,https://sandiego.craigslist.org/csd/apa/6018511029.html,https://sandiego.craigslist.org/reply/sdo/apa/6018511029,pzxrc-6018511029@hous.craigslist.org,unclear
14,sandiego,"Amazing Mountain View 1x1 w $199 Deposit, Garage & Vaulted Ceilings!",3/17/17 13:45,1,745,1890,6048336635,Jane_Control,https://sandiego.craigslist.org/nsd/apa/6048336635.html,https://sandiego.craigslist.org/reply/sdo/apa/6048336635,No email - posting deleted,posting deleted
0,sandiego,Small duplex; parking; washer & dryer in unit,3/17/17 13:53,1,,1525,6045233979,Jane_Control,https://sandiego.craigslist.org/csd/apa/6045233979.html,https://sandiego.craigslist.org/reply/sdo/apa/6045233979,No email - phone only,phone only
69,sandiego,"Submit Service Requests Online, Community Laundry Center, Pet Friendly",3/17/17 11:51,1,655,1443,6013779713,Jane_Control,https://sandiego.craigslist.org/ssd/apa/6013779713.html,https://sandiego.craigslist.org/reply/sdo/apa/6013779713,No email - phone only,phone only
72,sandiego,1.5 Miles to the Ocean - 2BR & 1 BA Rental,3/17/17 0:32,2,800,1400,6031482777,Jane_Treat_High,https://sandiego.craigslist.org/nsd/apa/6031482777.html,https://sandiego.craigslist.org/reply/sdo/apa/6031482777,k2w5t-6031482777@hous.craigslist.org,0
76,sandiego,Furnished - Flexible 4 to 8 month lease! STARTING SEPT #912,3/16/17 8:32,2,1010,3500,6036657958,Jane_Treat_High,https://sandiego.craigslist.org/csd/apa/6036657958.html,https://sandiego.craigslist.org/reply/sdo/apa/6036657958,nw5x3-6036657958@hous.craigslist.org,1
26,sandiego,North Pacific Beach One Bed One Bath at 954 Wilbur Avenue,3/17/17 13:37,1,,1695,6042373354,Jane_Treat_High,https://sandiego.craigslist.org/csd/apa/6042373354.html,https://sandiego.craigslist.org/reply/sdo/apa/6042373354,gmxmq-6042373354@hous.craigslist.org,0
72,sandiego,4150 36 St #3,3/17/17 11:43,1,,1100,6048143491,Jane_Treat_High,https://sandiego.craigslist.org/csd/apa/6048143491.html,https://sandiego.craigslist.org/reply/sdo/apa/6048143491,gsgfg-6048143491@hous.craigslist.org,0
76,sandiego,4150 36 St #3,3/17/17 11:38,1,,1100,6048135139,Jane_Treat_High,https://sandiego.craigslist.org/csd/apa/6048135139.html,https://sandiego.craigslist.org/reply/sdo/apa/6048135139,zwsnj-6048135139@hous.craigslist.org,0
23,sandiego,"$1,295.00 /2Br/1Bth Apt",3/17/17 13:10,2,900,1295,6048283684,Jane_Treat_High,https://sandiego.craigslist.org/ssd/apa/6048283684.html,https://sandiego.craigslist.org/reply/sdo/apa/6048283684,No email - phone only,phone only
32,sandiego,2BD/1BA - Remodeled,3/17/17 10:54,2,735,1395,6048057897,Jane_Treat_High,https://sandiego.craigslist.org/esd/apa/6048057897.html,https://sandiego.craigslist.org/reply/sdo/apa/6048057897,c67th-6048057897@hous.craigslist.org,1
32,sandiego,2bd 2ba In Small Gated Community,3/17/17 13:22,2,975,1600,6048290807,Jane_Treat_High,https://sandiego.craigslist.org/ssd/apa/6048290807.html,https://sandiego.craigslist.org/reply/sdo/apa/6048290807,ffsns-6048290807@hous.craigslist.org,1
48,sandiego,"SHOWING TODAY! 6152 BROOKLYN AVE. SAN DIEGO, CA 92114",3/17/17 9:49,2,,1250,6047946279,Jane_Treat_High,https://sandiego.craigslist.org/csd/apa/6047946279.html,https://sandiego.craigslist.org/reply/sdo/apa/6047946279,No email - posting deleted,posting deleted
101,sandiego,"2br/1BA - ADELAIDE VILLAS CONDO, GRANITE-STAINLESS-POOL",3/16/17 17:39,2,875,1495,6040763299,Jane_Treat_High,https://sandiego.craigslist.org/esd/apa/6040763299.html,https://sandiego.craigslist.org/reply/sdo/apa/6040763299,zh7cz-6040763299@hous.craigslist.org,0
119,sandiego,4055 1/2 Estrella Ave,3/17/17 11:15,1,,1100,6048095779,Jane_Treat_High,https://sandiego.craigslist.org/csd/apa/6048095779.html,https://sandiego.craigslist.org/reply/sdo/apa/6048095779,xhsf8-6048095779@hous.craigslist.org,unclear
32,sandiego,Gorgeous 1-Bedroom Ready For Immediate Move In!,3/17/17 12:50,1,700,1339,6048252163,Jane_Treat_High,https://sandiego.craigslist.org/esd/apa/6048252163.html,https://sandiego.craigslist.org/reply/sdo/apa/6048252163,7twh5-6048252163@hous.craigslist.org,1
42,sandiego,Crown Point - 2 blocks to bay! 2Br/1Ba,3/17/17 11:51,2,975,2999,6048156828,Jane_Treat_High,https://sandiego.craigslist.org/csd/apa/6048156828.html,https://sandiego.craigslist.org/reply/sdo/apa/6048156828,pcdns-6048156828@hous.craigslist.org,0
84,sandiego,"Tour next week lovely 1 bd neara Buccaneer Beach, call now!",3/17/17 11:31,1,700,1450,6048112194,Jane_Treat_High,https://sandiego.craigslist.org/nsd/apa/6048112194.html,https://sandiego.craigslist.org/reply/sdo/apa/6048112194,c2cxb-6048112194@hous.craigslist.org,1
6,sandiego,ONE BED IN SECURE HIGH RISE BLDG,3/17/17 13:35,1,475,1200,6034036798,Jane_Treat_High,https://sandiego.craigslist.org/ssd/apa/6034036798.html,https://sandiego.craigslist.org/reply/sdo/apa/6034036798,No email - phone only,phone only
1,sandiego,"Playground, Tranquil Courtyards, Resident Clubhouse",3/17/17 13:51,1,655,1433,6036643867,Jane_Treat_High,https://sandiego.craigslist.org/ssd/apa/6036643867.html,https://sandiego.craigslist.org/reply/sdo/apa/6036643867,EucalyptusGrove@wasatchapartments.com,1
37,sandiego,"Historic 2BR/2BA, 1,800 sqft Bankers Hill Gem with View",3/16/17 17:30,2,1800,3500,6047197148,Jane_Treat_High,https://sandiego.craigslist.org/csd/apa/6047197148.html,https://sandiego.craigslist.org/reply/sdo/apa/6047197148,zk9pn-6047197148@hous.craigslist.org,unclear
6,sandiego,"POINT LOMA HOUSE- 1BR, 1B",3/17/17 13:50,1,,2000,6048344504,Jane_Treat_High,https://sandiego.craigslist.org/csd/apa/6048344504.html,https://sandiego.craigslist.org/reply/sdo/apa/6048344504,bf9fk-6048344504@hous.craigslist.org,0
94,sandiego,"Spacious layout, minutes from all your favorite spots  & WE LOVE PETS",3/17/17 11:26,1,,1195,6035178756,Jane_Treat_High,https://sandiego.craigslist.org/esd/apa/6035178756.html,https://sandiego.craigslist.org/reply/sdo/apa/6035178756,fm7xn-6035178756@hous.craigslist.org,1
81,sandiego,Incredible unit downtown San Diego!!,3/16/17 14:57,2,1350,3500,6047016610,Jane_Treat_High,https://sandiego.craigslist.org/csd/apa/6047016610.html,https://sandiego.craigslist.org/reply/sdo/apa/6047016610,fwdcg-6047016610@hous.craigslist.org,0
101,sandiego,"2nd level unit, close to the beach and the I-5 freeway in Oceanside!",3/17/17 11:24,1,500,1075,6048111050,Jane_Treat_High,https://sandiego.craigslist.org/nsd/apa/6048111050.html,https://sandiego.craigslist.org/reply/sdo/apa/6048111050,st9z5-6048111050@hous.craigslist.org,1
77,sandiego,Join Us Where Every Day Is Easy Living In The Vista Hills! One Bedroom,3/17/17 12:56,1,700,1554,6048262307,Jane_Treat_High,https://sandiego.craigslist.org/nsd/apa/6048262307.html,https://sandiego.craigslist.org/reply/sdo/apa/6048262307,pzcng-6048262307@hous.craigslist.org,1
62,sandiego,"SHOWING TODAY! 514 GRAND AVE. #C SPRING VALLEY, CA 91977",3/17/17 12:08,2,,1250,6048170183,Jane_Treat_High,https://sandiego.craigslist.org/esd/apa/6048170183.html,https://sandiego.craigslist.org/reply/sdo/apa/6048170183,No email - posting deleted,posting deleted
40,sandiego,"2x2 w/ Den, Top Floor, Corner, Golf Course Views 55+",3/17/17 9:33,2,1507,3013,6047917967,Jane_Treat_High,https://sandiego.craigslist.org/csd/apa/6047917967.html,https://sandiego.craigslist.org/reply/sdo/apa/6047917967,dfjzk-6047917967@hous.craigslist.org,1
41,sandiego,You'll love this huge patio on the rooftop deck-Downtown Views,3/16/17 16:38,1,705,3574,6047140079,Jane_Treat_High,https://sandiego.craigslist.org/csd/apa/6047140079.html,https://sandiego.craigslist.org/reply/sdo/apa/6047140079,20 postings reached,20 postings reached
67,sandiego,Beautiful Condo /Great Location,3/17/17 11:39,2,977,2100,6048137266,Jane_Treat_High,https://sandiego.craigslist.org/csd/apa/6048137266.html,https://sandiego.craigslist.org/reply/sdo/apa/6048137266,20 postings reached,20 postings reached
55,sandiego,**Close to Beach**3 Blocks to Bay**4 Blocks to Beach*2 Parking*,3/17/17 12:35,2,900,2295,6027007633,Jane_Treat_High,https://sandiego.craigslist.org/csd/apa/6027007633.html,https://sandiego.craigslist.org/reply/sdo/apa/6027007633,20 postings reached,20 postings reached
74,sandiego,Large 2bed/2bath in Little Italy!,3/17/17 10:59,2,1074,2825,6048041974,Jane_Treat_High,https://sandiego.craigslist.org/csd/apa/6048041974.html,https://sandiego.craigslist.org/reply/sdo/apa/6048041974,20 postings reached,20 postings reached
25,sandiego,"**Oceanside 1 bedroom minutes from Pier, Beach & downtown.",3/17/17 13:06,1,450,1150,6039233542,Jane_Treat_High,https://sandiego.craigslist.org/nsd/apa/6039233542.html,https://sandiego.craigslist.org/reply/sdo/apa/6039233542,20 postings reached,20 postings reached
73,sandiego,New Monthly Beach Rental Call Today!,3/17/17 12:58,1,,1795,6048264605,Jane_Treat_High,https://sandiego.craigslist.org/nsd/apa/6048264605.html,https://sandiego.craigslist.org/reply/sdo/apa/6048264605,20 postings reached,20 postings reached
45,sandiego,beautiful 2 bed 2 bath condo for rent,3/17/17 12:40,2,950,2150,6039179575,Jane_Treat_Low,https://sandiego.craigslist.org/csd/apa/6039179575.html,https://sandiego.craigslist.org/reply/sdo/apa/6039179575,38pvn-6039179575@hous.craigslist.org,1
106,sandiego,$300.00 Off Move In Special!!! Spacious 1BD 1BA,3/17/17 11:22,1,650,1350,6043914131,Jane_Treat_Low,https://sandiego.craigslist.org/csd/apa/6043914131.html,https://sandiego.craigslist.org/reply/sdo/apa/6043914131,fcbcb-6043914131@hous.craigslist.org,1
103,sandiego,WAITLIST!FIGHTING OVER WHO GETS BIGGER ROOM? WE HAVE ROOMY FLOOR PLANS,3/16/17 17:05,2,,1310,6029598951,Jane_Treat_Low,https://sandiego.craigslist.org/esd/apa/6029598951.html,https://sandiego.craigslist.org/reply/sdo/apa/6029598951,rv2bm-6029598951@hous.craigslist.org,1
116,sandiego,4225 Altadena Ave #14,3/17/17 11:17,1,,1100,6048098253,Jane_Treat_Low,https://sandiego.craigslist.org/csd/apa/6048098253.html,https://sandiego.craigslist.org/reply/sdo/apa/6048098253,gjwkg-6048098253@hous.craigslist.org,0
36,sandiego,"Top Floor! Light & Bright! Completely Upgraded, $199 Deposit Only!",3/17/17 11:57,2,1092,2520,6048141947,Jane_Treat_Low,https://sandiego.craigslist.org/nsd/apa/6048141947.html,https://sandiego.craigslist.org/reply/sdo/apa/6048141947,j92wc-6048141947@hous.craigslist.org,1
13,sandiego,Vaulted Ceiling- no neighbors above you!,3/17/17 12:16,2,926,3095,6048198226,Jane_Treat_Low,https://sandiego.craigslist.org/csd/apa/6048198226.html,https://sandiego.craigslist.org/reply/sdo/apa/6048198226,No email - posting deleted,posting deleted
25,sandiego,"Top Floor Corner 2BR with City Views! Dog Friendly, Free Parking, &Gym",3/17/17 12:25,2,990,2941,6048212360,Jane_Treat_Low,https://sandiego.craigslist.org/csd/apa/6048212360.html,https://sandiego.craigslist.org/reply/sdo/apa/6048212360,hvmf3-6048212360@hous.craigslist.org,1
72,sandiego,Top Floor Two-Bedroom Apt w/Vaulted Ceiling & 1st month FREE!,3/16/17 16:20,2,1489,3125,6047110494,Jane_Treat_Low,https://sandiego.craigslist.org/csd/apa/6047110494.html,https://sandiego.craigslist.org/reply/sdo/apa/6047110494,ljxleasingmgr@gardencommunitiesca.com,1
93,sandiego,ONE BED ONE BATH!! CALL TODAY!,3/17/17 11:26,1,,1390,6038101370,Jane_Treat_Low,https://sandiego.craigslist.org/nsd/apa/6038101370.html,https://sandiego.craigslist.org/reply/sdo/apa/6038101370,r6pzt-6038101370@hous.craigslist.org,1
111,sandiego,Open house SUN|Exclusive $250 promo|Newly Remodeled|Book your time!,3/17/17 11:19,1,520,1395,6048078785,Jane_Treat_Low,https://sandiego.craigslist.org/csd/apa/6048078785.html,https://sandiego.craigslist.org/reply/sdo/apa/6048078785,9nx69-6048078785@hous.craigslist.org,1
80,sandiego,"2br/1BA - ADELAIDE VILLAS CONDO, GRANITE-STAINLESS-POOL",3/16/17 21:13,2,875,1495,6040761815,Jane_Treat_Low,https://sandiego.craigslist.org/esd/apa/6040761815.html,https://sandiego.craigslist.org/reply/sdo/apa/6040761815,pntbb-6040761815@hous.craigslist.org,0
28,sandiego,"Centrally Located in UTC Close to Shopping, Schools, Beaches & More!",3/17/17 13:35,1,600,1575,6048321769,Jane_Treat_Low,https://sandiego.craigslist.org/csd/apa/6048321769.html,https://sandiego.craigslist.org/reply/sdo/apa/6048321769,No email - posting deleted,posting deleted
57,sandiego,"Nice top floor with private Balcony, reserve now for April! Hurry! onl",3/17/17 12:41,2,970,1595,6048237802,Jane_Treat_Low,https://sandiego.craigslist.org/nsd/apa/6048237802.html,https://sandiego.craigslist.org/reply/sdo/apa/6048237802,cwb2j-6048237802@hous.craigslist.org,1
8,sandiego,Immaculate Fully Remodeled 1BD/BR Condo,3/17/17 13:49,1,604,1549,6044456976,Jane_Treat_Low,https://sandiego.craigslist.org/csd/apa/6044456976.html,https://sandiego.craigslist.org/reply/sdo/apa/6044456976,qgmzz-6044456976@hous.craigslist.org,unclear
119,sandiego,2bd 1ba Available! Assigned Parking Included!,3/17/17 11:44,2,875,1550,6048144828,Jane_Treat_Low,https://sandiego.craigslist.org/ssd/apa/6048144828.html,https://sandiego.craigslist.org/reply/sdo/apa/6048144828,fzppp-6048144828@hous.craigslist.org,1
114,sandiego,4225 Altadena Ave #2,3/17/17 11:18,1,,1100,6048100011,Jane_Treat_Low,https://sandiego.craigslist.org/csd/apa/6048100011.html,https://sandiego.craigslist.org/reply/sdo/apa/6048100011,fnvxn-6048100011@hous.craigslist.org,0
43,sandiego,Incredible unit downtown San Diego!!,3/16/17 14:57,2,1350,3500,6047016610,Jane_Treat_Low,https://sandiego.craigslist.org/csd/apa/6047016610.html,https://sandiego.craigslist.org/reply/sdo/apa/6047016610,fwdcg-6047016610@hous.craigslist.org,1
70,sandiego,"Spacious 1x1 Available NOW, Downtown Views, 2 FREE Months*!",3/17/17 13:00,1,591,1880,6048253361,Jane_Treat_Low,https://sandiego.craigslist.org/csd/apa/6048253361.html,https://sandiego.craigslist.org/reply/sdo/apa/6048253361,qzjmm-6048253361@hous.craigslist.org,1
53,sandiego,Cottage Unit Available - Blocks from the Beach!,3/17/17 12:15,2,,2200,6039457152,Jane_Treat_Low,https://sandiego.craigslist.org/nsd/apa/6039457152.html,https://sandiego.craigslist.org/reply/sdo/apa/6039457152,dsmbg-6039457152@hous.craigslist.org,0
58,sandiego,"Elevators, Come Look and Lease, Minutes to Dining",3/17/17 12:40,2,750,1695,6048236960,Jane_Treat_Low,https://sandiego.craigslist.org/csd/apa/6048236960.html,https://sandiego.craigslist.org/reply/sdo/apa/6048236960,No email - phone only,phone only
52,sandiego,"1 Bed - 1 Bath, In-Home Washer and Dryer, First Month Rent Free",3/17/17 13:20,1,675,1785,6040830106,Jane_Treat_Low,https://sandiego.craigslist.org/nsd/apa/6040830106.html,https://sandiego.craigslist.org/reply/sdo/apa/6040830106,kqwn3-6040830106@hous.craigslist.org,1
27,sandiego,2 Br. Townhouse in San Ysidro,3/17/17 13:29,2,,1500,6005338064,Jane_Treat_Low,https://sandiego.craigslist.org/csd/apa/6005338064.html,https://sandiego.craigslist.org/reply/sdo/apa/6005338064,No email - phone only,phone only
116,sandiego,Limited Availability! Pre-lease While You Can... SD's BEST APARTMENTS!,3/17/17 10:56,1,708,2025,6048047952,Jane_Treat_Low,https://sandiego.craigslist.org/csd/apa/6048047952.html,https://sandiego.craigslist.org/reply/sdo/apa/6048047952,b3c38-6048047952@hous.craigslist.org,1
5,sandiego,"One bedroom w/ loft, 1.5 baths and a Great View!",3/17/17 13:24,1,1014,3290,6048304573,Jane_Treat_Low,https://sandiego.craigslist.org/nsd/apa/6048304573.html,https://sandiego.craigslist.org/reply/sdo/apa/6048304573,c7gn9-6048304573@hous.craigslist.org,1
40,sandiego,"Beautiful view, spacious layout! $99 deposit, $500 off 1st mnth!",3/17/17 13:28,1,824,1529,6048282547,Jane_Treat_Low,https://sandiego.craigslist.org/nsd/apa/6048282547.html,https://sandiego.craigslist.org/reply/sdo/apa/6048282547,5wwhf-6048282547@hous.craigslist.org,1
103,sandiego,1 Bedrooom with walk in closet,3/17/17 11:22,1,,1345,6048097766,Jane_Treat_Low,https://sandiego.craigslist.org/csd/apa/6048097766.html,https://sandiego.craigslist.org/reply/sdo/apa/6048097766,20 postings reached,20 postings reached
91,sandiego,Golden Hill 1 Br + den,3/17/17 12:43,1,750,1650,6043826180,Jane_Treat_Low,https://sandiego.craigslist.org/csd/apa/6043826180.html,https://sandiego.craigslist.org/reply/sdo/apa/6043826180,20 postings reached,20 postings reached
86,sandiego,[1bdr + den] - Bayside - Downtown Condo Living (Little Italy),3/15/17 16:40,2,1448,3600,6045725683,Jane_Treat_Low,https://sandiego.craigslist.org/csd/apa/6045725683.html,https://sandiego.craigslist.org/reply/sdo/apa/6045725683,20 postings reached,20 postings reached
42,sandiego,Breathtaking Views!,3/17/17 13:10,2,950,1600,6048262255,Jane_Treat_Low,https://sandiego.craigslist.org/ssd/apa/6048262255.html,https://sandiego.craigslist.org/reply/sdo/apa/6048262255,20 postings reached,20 postings reached
54,sandiego,Large one Bedroom,3/17/17 12:17,1,600,1350,6036528854,Jane_Treat_Low,https://sandiego.craigslist.org/csd/apa/6036528854.html,https://sandiego.craigslist.org/reply/sdo/apa/6036528854,20 postings reached,20 postings reached
39,sandiego,"2x2 w/ Den, Top Floor, Corner, Golf Course Views 55+",3/17/17 9:33,2,1507,3013,6047917967,John_Control,https://sandiego.craigslist.org/csd/apa/6047917967.html,https://sandiego.craigslist.org/reply/sdo/apa/6047917967,dfjzk-6047917967@hous.craigslist.org,1
112,sandiego,"2nd Floor 1x1 w/ HUGE PRIVATE balcony, READY NOW!!!",3/17/17 11:01,1,698,2395,6038089957,John_Control,https://sandiego.craigslist.org/csd/apa/6038089957.html,https://sandiego.craigslist.org/reply/sdo/apa/6038089957,Urbana016@myLTSMail.com,1
73,sandiego,"13048 Alora Point - Wood floors, granite, AC, 2 car garage!",3/17/17 11:00,2,1476,3000,6048053519,John_Control,https://sandiego.craigslist.org/csd/apa/6048053519.html,https://sandiego.craigslist.org/reply/sdo/apa/6048053519,No email - phone only,phone only
22,sandiego,Coronado - Updated 2bd/2ba Condo Steps to the Beach!,3/17/17 10:49,2,1404,3350,6048050731,John_Control,https://sandiego.craigslist.org/csd/apa/6048050731.html,https://sandiego.craigslist.org/reply/sdo/apa/6048050731,ttsk6-6048050731@hous.craigslist.org,1
15,sandiego,3969 Oceanview Blvd #A- Large 2Bd 1BA Large Kitchen with Dining Area,3/17/17 12:03,2,,1395,6048177066,John_Control,https://sandiego.craigslist.org/csd/apa/6048177066.html,https://sandiego.craigslist.org/reply/sdo/apa/6048177066,rrmtv-6048177066@hous.craigslist.org,1
34,sandiego,Moving Next Month?! Stop by TODAY for a Tour of Vista Capri!,3/17/17 12:48,1,550,1350,6048238698,John_Control,https://sandiego.craigslist.org/csd/apa/6048238698.html,https://sandiego.craigslist.org/reply/sdo/apa/6048238698,jzvjf-6048238698@hous.craigslist.org,1
45,sandiego,WOW! Mission Valley Apartments. Live La Dolce Vita! Open 7 Days / Week,3/17/17 12:51,1,830,2115,6041281573,John_Control,https://sandiego.craigslist.org/csd/apa/6041281573.html,https://sandiego.craigslist.org/reply/sdo/apa/6041281573,zncfx-6041281573@hous.craigslist.org,1
69,sandiego,North Park 2 BR apt,3/17/17 7:37,2,900,1395,6047723741,John_Control,https://sandiego.craigslist.org/csd/apa/6047723741.html,https://sandiego.craigslist.org/reply/sdo/apa/6047723741,gggdq-6047723741@hous.craigslist.org,unclear
89,sandiego,$225 Deposit!! Limited Time Only! You Don't Want to Miss Out!,3/17/17 11:07,2,955,2445,6048081197,John_Control,https://sandiego.craigslist.org/csd/apa/6048081197.html,https://sandiego.craigslist.org/reply/sdo/apa/6048081197,v62j8-6048081197@hous.craigslist.org,1
105,sandiego,"Emergency Maintenance, Convenient Location, Come Look and Lease",3/17/17 12:32,2,725,1745,6048224497,John_Control,https://sandiego.craigslist.org/csd/apa/6048224497.html,https://sandiego.craigslist.org/reply/sdo/apa/6048224497,No email - phone only,phone only
115,sandiego,Live/Work in Oceanside! Walk to the Beach or local shopping..,3/16/17 9:49,1,,3290,6046538756,John_Control,https://sandiego.craigslist.org/nsd/apa/6046538756.html,https://sandiego.craigslist.org/reply/sdo/apa/6046538756,bmjk2-6046538756@hous.craigslist.org,1
87,sandiego,4260 Winona Ave #2,3/17/17 11:29,1,,1100,6048119602,John_Control,https://sandiego.craigslist.org/csd/apa/6048119602.html,https://sandiego.craigslist.org/reply/sdo/apa/6048119602,hwpr2-6048119602@hous.craigslist.org,unclear
89,sandiego,"Great location, Stainless, Patio, Garage + parking,and..WE <3 Pets",3/17/17 11:27,1,,1395,6032571376,John_Control,https://sandiego.craigslist.org/csd/apa/6032571376.html,https://sandiego.craigslist.org/reply/sdo/apa/6032571376,cnxsk-6032571376@hous.craigslist.org,1
117,sandiego,2Br/1.5 bath Gated Townhome-Espanas Glen,3/17/17 11:44,2,1152,1550,6044510939,John_Control,https://sandiego.craigslist.org/nsd/apa/6044510939.html,https://sandiego.craigslist.org/reply/sdo/apa/6044510939,No email - phone only,phone only
47,sandiego,"Luxury 1Bed/1Bath, Laminate Floors, Covered Parking, & In Unit Laundry",3/17/17 13:24,1,729,1875,6048305144,John_Control,https://sandiego.craigslist.org/csd/apa/6048305144.html,https://sandiego.craigslist.org/reply/sdo/apa/6048305144,mzt4z-6048305144@hous.craigslist.org,1
45,sandiego,Luxury 2 bed/2 1/2 bath condo in the popular Marina District,3/17/17 8:10,2,1395,3300,6039935336,John_Control,https://sandiego.craigslist.org/csd/apa/6039935336.html,https://sandiego.craigslist.org/reply/sdo/apa/6039935336,dbbhm-6039935336@hous.craigslist.org,unclear
53,sandiego,A Charming 2-Bedrooms - Save Up To $1200 Today,3/17/17 12:53,2,900,1695,6048257162,John_Control,https://sandiego.craigslist.org/esd/apa/6048257162.html,https://sandiego.craigslist.org/reply/sdo/apa/6048257162,bx396-6048257162@hous.craigslist.org,1
67,sandiego,Surfers Paradise- SoCB Leucadia Breaks!,3/17/17 13:05,1,,1795,6048275409,John_Control,https://sandiego.craigslist.org/nsd/apa/6048275409.html,https://sandiego.craigslist.org/reply/sdo/apa/6048275409,No email - phone only,phone only
65,sandiego,"Upgraded 2bd,Granite,Light and Airy,Upstairs,Late March,great view",3/17/17 11:58,2,725,1470,6048167767,John_Control,https://sandiego.craigslist.org/nsd/apa/6048167767.html,https://sandiego.craigslist.org/reply/sdo/apa/6048167767,No email - posting deleted,posting deleted
45,sandiego,Crown Point - 2 blocks to bay! 2Br/1Ba,3/17/17 11:51,2,975,2999,6048156828,John_Control,https://sandiego.craigslist.org/csd/apa/6048156828.html,https://sandiego.craigslist.org/reply/sdo/apa/6048156828,pcdns-6048156828@hous.craigslist.org,unclear
100,sandiego,Furnished 1bd/1ba Condo Available in a Resort-like Community in Rancho,3/17/17 12:38,1,550,1900,6048233116,John_Control,https://sandiego.craigslist.org/csd/apa/6048233116.html,https://sandiego.craigslist.org/reply/sdo/apa/6048233116,leasing@amgprops.com,1
9,sandiego,ONE BED IN SECURE HIGH RISE BLDG,3/17/17 13:35,1,475,1200,6034034160,John_Control,https://sandiego.craigslist.org/ssd/apa/6034034160.html,https://sandiego.craigslist.org/reply/sdo/apa/6034034160,No email - phone only,phone only
110,sandiego,"2 Bed - 2.5 Bath, Resident Package Acceptance, On-Site Management",3/17/17 11:04,2,1584,2499,6029675967,John_Control,https://sandiego.craigslist.org/nsd/apa/6029675967.html,https://sandiego.craigslist.org/reply/sdo/apa/6029675967,cxqnv-6029675967@hous.craigslist.org,1
95,sandiego,"Open House! Upgraded Open Concept Apt, Granite Counters Available Now!",3/17/17 11:26,2,,1495,6048114492,John_Control,https://sandiego.craigslist.org/csd/apa/6048114492.html,https://sandiego.craigslist.org/reply/sdo/apa/6048114492,gvrx5-6048114492@hous.craigslist.org,1
42,sandiego,"Hot Specials*Stunning, Unique & Upscale*Views*W/D*A/C*Granite*CALL NOW",3/17/17 12:33,1,780,1470,6048225983,John_Control,https://sandiego.craigslist.org/csd/apa/6048225983.html,https://sandiego.craigslist.org/reply/sdo/apa/6048225983,vpzxc-6048225983@hous.craigslist.org,1
1,sandiego,"DEL MAR EASY LIVING fully upgraded, no weight restrictions on pets!",3/17/17 13:50,2,765,2305,6039929881,John_Control,https://sandiego.craigslist.org/csd/apa/6039929881.html,https://sandiego.craigslist.org/reply/sdo/apa/6039929881,BellaDelMar024@myLTSMail.com,1
13,sandiego,"One bd 1 ba Garage, Carpet in Bedroom",3/17/17 13:45,1,825,1555,6035503730,John_Control,https://sandiego.craigslist.org/nsd/apa/6035503730.html,https://sandiego.craigslist.org/reply/sdo/apa/6035503730,20 postings reached,20 postings reached
56,sandiego,Beautiful 1st floor 1x1 with hard surface flooring! Move in Specials!,3/17/17 12:34,1,718,2100,6048226513,John_Control,https://sandiego.craigslist.org/csd/apa/6048226513.html,https://sandiego.craigslist.org/reply/sdo/apa/6048226513,20 postings reached,20 postings reached
27,sandiego,APARTMENT IN OCEANSIDE 92057! $1400 PER MO,3/17/17 13:03,1,,1400,6045242338,John_Control,https://sandiego.craigslist.org/nsd/apa/6045242338.html,https://sandiego.craigslist.org/reply/sdo/apa/6045242338,20 postings reached,20 postings reached
45,sandiego,"Now Leasing, Instant Cool Factor!",3/17/17 13:25,1,655,1573,6048306972,John_Control,https://sandiego.craigslist.org/ssd/apa/6048306972.html,https://sandiego.craigslist.org/reply/sdo/apa/6048306972,20 postings reached,20 postings reached
98,sandiego,"New Upgraded 970sq ft 2BR/2BA washer, dryer",3/17/17 12:01,2,970,1764,6048173482,John_Treat_High,https://sandiego.craigslist.org/csd/apa/6048173482.html,https://sandiego.craigslist.org/reply/sdo/apa/6048173482,strbr-6048173482@hous.craigslist.org,1
38,sandiego,"2x2Bath Great Location,Granite,Large Rooms,Garage Avail.",3/17/17 12:43,2,972,1470,6048241016,John_Treat_High,https://sandiego.craigslist.org/nsd/apa/6048241016.html,https://sandiego.craigslist.org/reply/sdo/apa/6048241016,dkdtc-6048241016@hous.craigslist.org,1
20,sandiego,Apartment less than a mile from the Beach! Ocean View from balcony!,3/17/17 11:41,2,800,1495,6048128987,John_Treat_High,https://sandiego.craigslist.org/nsd/apa/6048128987.html,https://sandiego.craigslist.org/reply/sdo/apa/6048128987,info@rentrpm.com,1
17,sandiego,"NEW 2BD/2.5Bath townhome 1375ft, 1/2 blk to beach! $3600 month",3/17/17 9:53,2,1375,3600,6047952639,John_Treat_High,https://sandiego.craigslist.org/csd/apa/6047952639.html,https://sandiego.craigslist.org/reply/sdo/apa/6047952639,rqwzs-6047952639@hous.craigslist.org,1
67,sandiego,We have what you are looking for...55+ Community,3/17/17 11:56,1,600,1231,6048164495,John_Treat_High,https://sandiego.craigslist.org/nsd/apa/6048164495.html,https://sandiego.craigslist.org/reply/sdo/apa/6048164495,3rknn-6048164495@hous.craigslist.org,1
85,sandiego,4260 Winona Ave #4,3/17/17 11:30,1,,1100,6048121907,John_Treat_High,https://sandiego.craigslist.org/csd/apa/6048121907.html,https://sandiego.craigslist.org/reply/sdo/apa/6048121907,gwzwb-6048121907@hous.craigslist.org,0
40,sandiego,1 Bedroom in Luxury Building Sapphire w/ 2 Large Patios and City Views,3/17/17 12:57,1,682,2400,6042962628,John_Treat_High,https://sandiego.craigslist.org/csd/apa/6042962628.html,https://sandiego.craigslist.org/reply/sdo/apa/6042962628,qbrc5-6042962628@hous.craigslist.org,1
94,sandiego,Live a Life of Luxury in a Newly Remodeled Apt Home,3/17/17 11:18,2,1300,2250,6048099889,John_Treat_High,https://sandiego.craigslist.org/csd/apa/6048099889.html,https://sandiego.craigslist.org/reply/sdo/apa/6048099889,vxhpx-6048099889@hous.craigslist.org,1
111,sandiego,***2 Bed-2 Bath Downtown Condo**View**Park Terrace East Village***,3/17/17 9:50,2,1017,2700,6040617107,John_Treat_High,https://sandiego.craigslist.org/csd/apa/6040617107.html,https://sandiego.craigslist.org/reply/sdo/apa/6040617107,4kdzr-6040617107@hous.craigslist.org,1
53,sandiego,"Spacious 3BD in Carmel Valley Regent's Square, Quarter Mile, 92130",3/16/17 12:55,2,2029,3700,6045263429,John_Treat_High,https://sandiego.craigslist.org/nsd/apa/6045263429.html,https://sandiego.craigslist.org/reply/sdo/apa/6045263429,No email - posting deleted,posting deleted
58,sandiego,TAKE OVER LEASE UNTIL AUG 1ST 1 BEDROOM 725SQFT,3/17/17 12:10,1,725,1235,6048142667,John_Treat_High,https://sandiego.craigslist.org/csd/apa/6048142667.html,https://sandiego.craigslist.org/reply/sdo/apa/6048142667,s5d7g-6048142667@hous.craigslist.org,0
12,sandiego,"Balboa Park as your backyard, and skyline view!      1 unit available!",3/17/17 13:31,1,700,1450,6042231015,John_Treat_High,https://sandiego.craigslist.org/csd/apa/6042231015.html,https://sandiego.craigslist.org/reply/sdo/apa/6042231015,No email - phone only,phone only
83,sandiego,"STOP, LOOK, AND LEASE!!",3/17/17 11:29,1,800,2200,6048119032,John_Treat_High,https://sandiego.craigslist.org/ssd/apa/6048119032.html,https://sandiego.craigslist.org/reply/sdo/apa/6048119032,cc2cd-6048119032@hous.craigslist.org,1
52,sandiego,The Village Apartments South San Diego 1 bdrm/1 bath apartment homes,3/17/17 12:19,1,,1440,6048201794,John_Treat_High,https://sandiego.craigslist.org/ssd/apa/6048201794.html,https://sandiego.craigslist.org/reply/sdo/apa/6048201794,village@hcares.com,1
96,sandiego,2 bd. 2 ba. house Old Town/Mission Hills,3/16/17 11:58,2,,3195,6039216310,John_Treat_High,https://sandiego.craigslist.org/csd/apa/6039216310.html,https://sandiego.craigslist.org/reply/sdo/apa/6039216310,9vrcb-6039216310@hous.craigslist.org,0
24,sandiego,Tour TODAY! Bring Fido to View Our Corner 2BR! Free Parking & Gym,3/17/17 12:30,2,975,2920,6048220089,John_Treat_High,https://sandiego.craigslist.org/csd/apa/6048220089.html,https://sandiego.craigslist.org/reply/sdo/apa/6048220089,5ddwz-6048220089@hous.craigslist.org,1
23,sandiego,Beautiful Remodeled One Bedroom - Prime Location!,3/17/17 13:39,1,650,1715,6048309918,John_Treat_High,https://sandiego.craigslist.org/csd/apa/6048309918.html,https://sandiego.craigslist.org/reply/sdo/apa/6048309918,tprwf-6048309918@hous.craigslist.org,1
47,sandiego,**Close to Beach**3 Blocks to Bay**4 Blocks to Beach*2 Parking*,3/17/17 12:35,2,900,2295,6027007633,John_Treat_High,https://sandiego.craigslist.org/csd/apa/6027007633.html,https://sandiego.craigslist.org/reply/sdo/apa/6027007633,zq53c-6027007633@hous.craigslist.org,0
80,sandiego,Move Next Week! Spacious & Bright Dual Master! BEST Location & Price!,3/17/17 12:53,2,907,1825,6048257901,John_Treat_High,https://sandiego.craigslist.org/csd/apa/6048257901.html,https://sandiego.craigslist.org/reply/sdo/apa/6048257901,No email - posting deleted,posting deleted
51,sandiego,"HUGE 1 Bedroom With Pool Views, Large Kitchen Island, $99 deposit",3/17/17 12:43,1,832,2455,6048219881,John_Treat_High,https://sandiego.craigslist.org/csd/apa/6048219881.html,https://sandiego.craigslist.org/reply/sdo/apa/6048219881,No email - phone only,phone only
30,sandiego,512,3/17/17 12:57,1,798,1300,6048208015,John_Treat_High,https://sandiego.craigslist.org/csd/apa/6048208015.html,https://sandiego.craigslist.org/reply/sdo/apa/6048208015,No email - posting deleted,posting deleted
11,sandiego,This divine one bedroom is your dream come true!,3/17/17 13:17,1,705,2679,6048293959,John_Treat_High,https://sandiego.craigslist.org/csd/apa/6048293959.html,https://sandiego.craigslist.org/reply/sdo/apa/6048293959,7xj9x-6048293959@hous.craigslist.org,1
109,sandiego,Price Reduced! 1BR w/ Great Downtown Views|1/2 month free|$99 Deposit,3/17/17 9:54,1,974,2848,6047953920,John_Treat_High,https://sandiego.craigslist.org/csd/apa/6047953920.html,https://sandiego.craigslist.org/reply/sdo/apa/6047953920,No email - phone only,phone only
24,sandiego,"Wood planking, 1005 sq. feet 2bed-2ba in RB! Prelease for 05/04/2017!",3/17/17 13:20,2,1005,2055,6048287114,John_Treat_High,https://sandiego.craigslist.org/nsd/apa/6048287114.html,https://sandiego.craigslist.org/reply/sdo/apa/6048287114,No email - posting deleted,posting deleted
43,sandiego,Awesome 2 Bedroom / 1 Bath!!! Call Now!!!,3/17/17 12:44,2,1001,2362,6048242118,John_Treat_High,https://sandiego.craigslist.org/csd/apa/6048242118.html,https://sandiego.craigslist.org/reply/sdo/apa/6048242118,nq6mg-6048242118@hous.craigslist.org,1
103,sandiego,You belong in a penthouse!,3/15/17 12:05,1,757,3574,6045303936,John_Treat_High,https://sandiego.craigslist.org/csd/apa/6045303936.html,https://sandiego.craigslist.org/reply/sdo/apa/6045303936,fh5wc-6045303936@hous.craigslist.org,1
11,sandiego,ONE BED IN SECURE HIGH RISE BLDG,3/17/17 13:34,1,475,1200,6038238900,John_Treat_High,https://sandiego.craigslist.org/ssd/apa/6038238900.html,https://sandiego.craigslist.org/reply/sdo/apa/6038238900,No email - phone only,phone only
108,sandiego,"2 Bed/2 Bath, Private Garage, W/D, Wood Laminate, Gas Stove",3/17/17 11:06,2,1114,2490,6019874678,John_Treat_High,https://sandiego.craigslist.org/nsd/apa/6019874678.html,https://sandiego.craigslist.org/reply/sdo/apa/6019874678,No email - phone only,phone only
112,sandiego,Love your new apartment home! Beautiful floorplans.,3/17/17 11:19,1,570,1295,6048077669,John_Treat_High,https://sandiego.craigslist.org/csd/apa/6048077669.html,https://sandiego.craigslist.org/reply/sdo/apa/6048077669,v4mz6-6048077669@hous.craigslist.org,1
86,sandiego,((WAITLIST)) Bougainvillea townhomes 2bed X 1.5 bath.,3/16/17 19:12,2,960,1450,6043772787,John_Treat_High,https://sandiego.craigslist.org/nsd/apa/6043772787.html,https://sandiego.craigslist.org/reply/sdo/apa/6043772787,20 postings reached,20 postings reached
31,sandiego,Beautiful Home In The Heart Of Alpine - Lease Today!,3/17/17 12:52,1,700,1439,6048255982,John_Treat_Low,https://sandiego.craigslist.org/esd/apa/6048255982.html,https://sandiego.craigslist.org/reply/sdo/apa/6048255982,3vkgs-6048255982@hous.craigslist.org,1
15,sandiego,Gorgeous 1BR/1BR Ready NOW for Move-In! Ask About Our Special!,3/17/17 13:44,1,600,1575,6048311041,John_Treat_Low,https://sandiego.craigslist.org/csd/apa/6048311041.html,https://sandiego.craigslist.org/reply/sdo/apa/6048311041,No email - posting deleted,posting deleted
25,sandiego,Furnished - Flexible 4 to 8 month lease! STARTING SEPT #1063,3/17/17 7:15,1,900,3500,6043648279,John_Treat_Low,https://sandiego.craigslist.org/csd/apa/6043648279.html,https://sandiego.craigslist.org/reply/sdo/apa/6043648279,vsvx3-6043648279@hous.craigslist.org,1
37,sandiego,IDEAL 2 BD X 2 BA UNIT FOR RENT $1500/MO,3/17/17 10:16,2,,1500,6045050796,John_Treat_Low,https://sandiego.craigslist.org/nsd/apa/6045050796.html,https://sandiego.craigslist.org/reply/sdo/apa/6045050796,zxz7n-6045050796@hous.craigslist.org,1
99,sandiego,"STYLISH 1 BDRM ~ 1-CARPORT, WALK IN CLOSET, FIREPLACE, WASHER&DRYER",3/17/17 11:25,1,647,1465,6048111965,John_Treat_Low,https://sandiego.craigslist.org/nsd/apa/6048111965.html,https://sandiego.craigslist.org/reply/sdo/apa/6048111965,8xwzq-6048111965@hous.craigslist.org,1
78,sandiego,"Beautiful Adelaide Villas Condo, 2br/1ba, Granite-Stainless-Pool",3/16/17 21:34,2,875,1495,6043041330,John_Treat_Low,https://sandiego.craigslist.org/esd/apa/6043041330.html,https://sandiego.craigslist.org/reply/sdo/apa/6043041330,mhns5-6043041330@hous.craigslist.org,unclear
118,sandiego,"*OPEN HOUSE SAT 3/18/17 10am-2pm  2br/1bth Balcony, Remodeled Bathroom",3/17/17 11:44,2,821,1745,6048144928,John_Treat_Low,https://sandiego.craigslist.org/csd/apa/6048144928.html,https://sandiego.craigslist.org/reply/sdo/apa/6048144928,tnt76-6048144928@hous.craigslist.org,1
92,sandiego,"Newly Designed Bungalows! Spacious layout, Close to 32nd St & Downtown",3/17/17 11:26,1,,1195,6036985109,John_Treat_Low,https://sandiego.craigslist.org/ssd/apa/6036985109.html,https://sandiego.craigslist.org/reply/sdo/apa/6036985109,knc2z-6036985109@hous.craigslist.org,1
47,sandiego,Adorable Cottage in Trendy El Cerrito! Walk to restaurants & bars,3/17/17 12:27,1,,1175,6048215277,John_Treat_Low,https://sandiego.craigslist.org/csd/apa/6048215277.html,https://sandiego.craigslist.org/reply/sdo/apa/6048215277,leasing@amgprops.com,1
102,sandiego,"Live in the heart of La Mesa - Stainless appliances, walkable 2 school",3/17/17 11:24,1,,1250,6022629757,John_Treat_Low,https://sandiego.craigslist.org/esd/apa/6022629757.html,https://sandiego.craigslist.org/reply/sdo/apa/6022629757,9mrjj-6022629757@hous.craigslist.org,1
6,sandiego,"Exclusive Offer On This 2B2B! $1,000 Signing Bonus & 1 Month Free!",3/17/17 13:41,2,1082,2150,6048330923,John_Treat_Low,https://sandiego.craigslist.org/nsd/apa/6048330923.html,https://sandiego.craigslist.org/reply/sdo/apa/6048330923,v3tr4-6048330923@hous.craigslist.org,1
9,sandiego,Large 2bd/1ba Available 4/7/17!  Call Now!,3/17/17 13:46,2,975,1625,6039815040,John_Treat_Low,https://sandiego.craigslist.org/csd/apa/6039815040.html,https://sandiego.craigslist.org/reply/sdo/apa/6039815040,nbvx8-6039815040@hous.craigslist.org,1
41,sandiego,"Large 1 bedroom with private patio, no weight or breed restrictions.",3/17/17 13:28,1,,1895,6048310596,John_Treat_Low,https://sandiego.craigslist.org/csd/apa/6048310596.html,https://sandiego.craigslist.org/reply/sdo/apa/6048310596,leasing@fandfinc.com,1
57,sandiego,Open SUNDAY 10-6!M/In by 4/16 Receive up to $1000 off! Appts Available,3/17/17 12:10,2,1046,2355,6048187805,John_Treat_Low,https://sandiego.craigslist.org/csd/apa/6048187805.html,https://sandiego.craigslist.org/reply/sdo/apa/6048187805,pncxx-6048187805@hous.craigslist.org,1
18,sandiego,1BD/1BTH Coming Soon!! Includes Washer+Dryer*Central A/C+Heat,3/17/17 13:26,1,647,1465,6048307413,John_Treat_Low,https://sandiego.craigslist.org/nsd/apa/6048307413.html,https://sandiego.craigslist.org/reply/sdo/apa/6048307413,ccrsq-6048307413@hous.craigslist.org,1
25,sandiego,"$199 Deposit! 2x2-1069sqft w/AC,W/D,FRPC&PRKG $2205",3/17/17 13:20,2,1069,2205,6048299215,John_Treat_Low,https://sandiego.craigslist.org/nsd/apa/6048299215.html,https://sandiego.craigslist.org/reply/sdo/apa/6048299215,q4qbr-6048299215@hous.craigslist.org,1
94,sandiego,"Elevators, Come Look and Lease, Minutes to Dining",3/17/17 12:40,2,750,1695,6048236960,John_Treat_Low,https://sandiego.craigslist.org/csd/apa/6048236960.html,https://sandiego.craigslist.org/reply/sdo/apa/6048236960,No email - phone only,phone only
117,sandiego,4211 Altadena  Ave #5,3/17/17 11:16,1,,1100,6048097447,John_Treat_Low,https://sandiego.craigslist.org/csd/apa/6048097447.html,https://sandiego.craigslist.org/reply/sdo/apa/6048097447,v2jhv-6048097447@hous.craigslist.org,unclear
104,sandiego,WAITLIST! oasis del sol apts.We are located near freeway.!!,3/16/17 17:05,2,,1310,6029598370,John_Treat_Low,https://sandiego.craigslist.org/esd/apa/6029598370.html,https://sandiego.craigslist.org/reply/sdo/apa/6029598370,fgxr9-6029598370@hous.craigslist.org,1
90,sandiego,BRING YOUR PETS! PERFECT 1X1 FOR YOU!,3/17/17 11:27,1,500,1262,6048098515,John_Treat_Low,https://sandiego.craigslist.org/ssd/apa/6048098515.html,https://sandiego.craigslist.org/reply/sdo/apa/6048098515,aztecpacific@plpinc.net,1
92,sandiego,Beautiful 2 Bedroom 2 Bath Escondido Condo For Rent,3/17/17 12:06,2,1000,1700,6045289138,John_Treat_Low,https://sandiego.craigslist.org/nsd/apa/6045289138.html,https://sandiego.craigslist.org/reply/sdo/apa/6045289138,9xmzx-6045289138@hous.craigslist.org,1
93,sandiego,WANT SOME GREEN (CASH OFF)? $250 OFF MOVE IN!,3/17/17 12:40,1,701,1678,6048224457,John_Treat_Low,https://sandiego.craigslist.org/csd/apa/6048224457.html,https://sandiego.craigslist.org/reply/sdo/apa/6048224457,No email - posting deleted,posting deleted
58,sandiego,COZY 2 Bedroom Unit in Santee!!!,3/17/17 9:07,2,,1455,6047849232,John_Treat_Low,https://sandiego.craigslist.org/esd/apa/6047849232.html,https://sandiego.craigslist.org/reply/sdo/apa/6047849232,sunsettrails@hcares.com,1
56,sandiego,Spacious 2bd 2ba In Pet Friendly Community!,3/17/17 13:17,2,975,1600,6048280868,John_Treat_Low,https://sandiego.craigslist.org/ssd/apa/6048280868.html,https://sandiego.craigslist.org/reply/sdo/apa/6048280868,20 postings reached,20 postings reached
77,sandiego,"Resort Style Living! Theater, Billiards, Clubroom + More!",3/17/17 10:47,2,1086,2580,6047998166,John_Treat_Low,https://sandiego.craigslist.org/nsd/apa/6047998166.html,https://sandiego.craigslist.org/reply/sdo/apa/6047998166,20 postings reached,20 postings reached
50,sandiego,Furnished - Flexible 4 to 8 month lease! STARTING SEPT #1063,3/17/17 7:15,1,900,3500,6043648279,John_Treat_Low,https://sandiego.craigslist.org/csd/apa/6043648279.html,https://sandiego.craigslist.org/reply/sdo/apa/6043648279,20 postings reached,20 postings reached
68,sandiego,"Historic 2BR/2BA, 1,800 sqft Bankers Hill Gem with View",3/16/17 17:31,2,1800,3500,6047197935,John_Treat_Low,https://sandiego.craigslist.org/csd/apa/6047197935.html,https://sandiego.craigslist.org/reply/sdo/apa/6047197935,20 postings reached,20 postings reached
118,sandiego,Cozy detached guest house in rural Vista!!!,3/17/17 11:16,1,650,1450,6033650953,John_Treat_Low,https://sandiego.craigslist.org/nsd/apa/6033650953.html,https://sandiego.craigslist.org/reply/sdo/apa/6033650953,20 postings reached,20 postings reached
38,sandiego,Get Your Groove On! Dual Master 1.5 Miles To The Sea! Ready Now!!!,3/17/17 13:15,2,892,1983,6048291342,John_Treat_Low,https://sandiego.craigslist.org/nsd/apa/6048291342.html,https://sandiego.craigslist.org/reply/sdo/apa/6048291342,20 postings reached,20 postings reached
60,sandiego,GRAB IT NOW!! $99 DEPOSIT (OAC) WAIVED PET DEP TOO! HURRY!!,3/17/17 12:09,1,630,1484,6048161993,John_Treat_Low,https://sandiego.craigslist.org/esd/apa/6048161993.html,https://sandiego.craigslist.org/reply/sdo/apa/6048161993,20 postings reached,20 postings reached