,city,Listing_Title,Posting_Date,Bedrooms,Sqft,Price,posting_ID,treatment_assignment,full_URL,Reply_contact_info_link,reply_email_TO_BE_FILLED_IN,Apartment_Complex_Flag,
115,seattle,"Only 1 left! Cute 1x1 w/Patio, concrete flooring and interior view",3/17/17 12:42,1,590,1364,6048239411,Jane_Control,https://seattle.craigslist.org/est/apa/6048239411.html,https://seattle.craigslist.org/reply/sea/apa/6048239411,sixoaks@pinnaclerents.com,Y,
28,seattle,"Washer and dryer in every apartment, European windows, Conference room",3/17/17 13:05,1,749,2016,6048275237,Jane_Control,https://seattle.craigslist.org/see/apa/6048275237.html,https://seattle.craigslist.org/reply/sea/apa/6048275237,vbspj-6048275237@hous.craigslist.org,Y,
8,seattle,Beautiful 2bd/2ba Unit with Loads of Deck Space in Capitol Hill!,3/17/17 12:40,2,918,3195,6036726590,Jane_Control,https://seattle.craigslist.org/est/apa/6036726590.html,https://seattle.craigslist.org/reply/sea/apa/6036726590,rubix.apts@m.knck.io,Y,SAME EMAIL Same Listing
91,seattle,Industrial 1x1 w/ brand new construction! A/C! W/D! Gorgeous kitchen!,3/17/17 12:55,1,614,1798,6048259579,Jane_Control,https://seattle.craigslist.org/see/apa/6048259579.html,https://seattle.craigslist.org/reply/sea/apa/6048259579,no email,,
82,seattle,~Lots Of Green Grass For Your Dog To Walk & Play!~,3/17/17 10:55,2,912,2011,6048059688,Jane_Control,https://seattle.craigslist.org/sno/apa/6048059688.html,https://seattle.craigslist.org/reply/sea/apa/6048059688,7sp5c-6048059688@hous.craigslist.org,Y,
10,seattle,Looking to move in June? We have one for you! Great 2 bedr 1 bath!,3/17/17 13:35,2,920,1445,6029779860,Jane_Control,https://seattle.craigslist.org/sno/apa/6029779860.html,https://seattle.craigslist.org/reply/sea/apa/6029779860,bf58b-6029779860@hous.craigslist.org,N,
14,seattle,CHARMING 1 BD X 1 BA!,3/17/17 13:33,1,,1100,6048193133,Jane_Control,https://seattle.craigslist.org/tac/apa/6048193133.html,https://seattle.craigslist.org/reply/sea/apa/6048193133,3pn88-6048193133@hous.craigslist.org,Y,
56,seattle,"Pre Lease for 3/21 Deck, Bay Window, Kitchen Iland",3/17/17 11:39,1,816,2582,6048136770,Jane_Control,https://seattle.craigslist.org/tac/apa/6048136770.html,https://seattle.craigslist.org/reply/sea/apa/6048136770,sd9bz-6048136770@hous.craigslist.org,Y,
110,seattle,"LAST ONE AVAILABLE! Breakfast bar, Fireplace, Washer / dryer",3/17/17 12:04,2,925,1630,6017811311,Jane_Control,https://seattle.craigslist.org/tac/apa/6017811311.html,https://seattle.craigslist.org/reply/sea/apa/6017811311,kfwnq-6017811311@hous.craigslist.org,Y,
6,seattle,2 bedroom 2 bath! 1 Month Free! 1 Free Parking Spot! AMAZING VIEW!,3/17/17 12:16,2,1307,3955,6048197321,Jane_Control,https://seattle.craigslist.org/see/apa/6048197321.html,https://seattle.craigslist.org/reply/sea/apa/6048197321,rollinst@m.knck.io,Y,
95,seattle,Dog Friendly - Waterfront and Mt. Rainier views from this classic home,3/17/17 10:26,2,1300,2100,6017946150,Jane_Control,https://seattle.craigslist.org/kit/apa/6017946150.html,https://seattle.craigslist.org/reply/sea/apa/6017946150,rentalinfo@theblyleteam.com,Y,
83,seattle,Luxury Studio in Downtown Seattle | Walk Score: 99,3/17/17 12:57,1,499,1950,6048252048,Jane_Control,https://seattle.craigslist.org/see/apa/6048252048.html,https://seattle.craigslist.org/reply/sea/apa/6048252048,scgts-6048252048@hous.craigslist.org,Y,
23,seattle,"1x1 Great Value!!! Move-In Special, Call Now To Reserve",3/17/17 13:26,1,620,1025,6048307291,Jane_Control,https://seattle.craigslist.org/sno/apa/6048307291.html,https://seattle.craigslist.org/reply/sea/apa/6048307291,qffs2-6048307291@hous.craigslist.org,Y,
54,seattle,Perfectly laid out second floor 2x2! Lowest price! HURRY IN!,3/17/17 11:51,2,981,2085,6048157060,Jane_Control,https://seattle.craigslist.org/est/apa/6048157060.html,https://seattle.craigslist.org/reply/sea/apa/6048157060,2s9qk-6048157060@hous.craigslist.org,Y,
41,seattle,Top Floor 2Bedroom Coming In May! Start Summer Off Here At Slate! *602,3/17/17 12:22,2,929,2311,6048206829,Jane_Control,https://seattle.craigslist.org/see/apa/6048206829.html,https://seattle.craigslist.org/reply/sea/apa/6048206829,slate@legacypartners.com,Y,
38,seattle,Top Floor One Bedroom! Amazing Prices and Specials! Visit Us Today!,3/17/17 12:56,1,759,2192,6048261932,Jane_Control,https://seattle.craigslist.org/see/apa/6048261932.html,https://seattle.craigslist.org/reply/sea/apa/6048261932,PAGE NOT FOUND,,
19,seattle,Corner 2 Bedroom with Balcony - Available for March move in.,3/17/17 11:46,2,1149,3295,6048149144,Jane_Control,https://seattle.craigslist.org/see/apa/6048149144.html,https://seattle.craigslist.org/reply/sea/apa/6048149144,info@latitudequeenanne.com,Y,
100,seattle,"OPEN HOUSE 3/18, 11 am - 2 pm! Vintage feel, with modern upgrades!",3/17/17 11:51,2,654,2195,6043862794,Jane_Control,https://seattle.craigslist.org/see/apa/6043862794.html,https://seattle.craigslist.org/reply/sea/apa/6043862794,no email,,
102,seattle,Jewel box of Queen Anne is at Villa Franca,3/15/17 13:28,1,1043,3595,6045470826,Jane_Control,https://seattle.craigslist.org/see/apa/6045470826.html,https://seattle.craigslist.org/reply/sea/apa/6045470826,c5rtn-6045470826@hous.craigslist.org,Y,
26,seattle,"Gas fireplaces, 2-story floor plans , Fitness center",3/17/17 13:20,2,1144,1395,6048284882,Jane_Control,https://seattle.craigslist.org/tac/apa/6048284882.html,https://seattle.craigslist.org/reply/sea/apa/6048284882,vhmxw-6048284882@hous.craigslist.org,Y,
56,seattle,Big Savings! Great Commuting Location! Buses! Park & Ride!,3/17/17 13:10,1,585,1415,6042455944,Jane_Control,https://seattle.craigslist.org/est/apa/6042455944.html,https://seattle.craigslist.org/reply/sea/apa/6042455944,3hjkq-6042455944@hous.craigslist.org,Y,
22,seattle,Pre-lease your home now ~~ Don't miss out on this gem!,3/17/17 13:21,1,650,1830,6035232447,Jane_Control,https://seattle.craigslist.org/see/apa/6035232447.html,https://seattle.craigslist.org/reply/sea/apa/6035232447,j6jfm-6035232447@hous.craigslist.org,Y,
38,seattle,CLOSE TO JBLM!!! ASK ABOUT $1000 OFF AND LOWERED PRICES!!!,3/17/17 13:17,1,743,1085,6048293859,Jane_Control,https://seattle.craigslist.org/tac/apa/6048293859.html,https://seattle.craigslist.org/reply/sea/apa/6048293859,dz64k-6048293859@hous.craigslist.org,Y,
29,seattle,Stress Less! Reduce Your Commute & Budget! 1 BR Townhomes Ready NOW!,3/17/17 13:18,1,780,1875,6048296018,Jane_Control,https://seattle.craigslist.org/est/apa/6048296018.html,https://seattle.craigslist.org/reply/sea/apa/6048296018,SKIPPED,Y,
86,seattle,Beautiful 1BD with Walk In Closet @ The Wave! Call Us Today!,3/17/17 12:56,1,655,1933,6048251789,Jane_Control,https://seattle.craigslist.org/see/apa/6048251789.html,https://seattle.craigslist.org/reply/sea/apa/6048251789,SKIPPED,Y,
116,seattle,LUXURY 2 BED SEATTLE CONDO FOR RENT W AMAZING VIEWS AND COMMUTE!,3/17/17 9:09,2,1324,2995,6040825855,Jane_Control,https://seattle.craigslist.org/see/apa/6040825855.html,https://seattle.craigslist.org/reply/sea/apa/6040825855,SKIPPED,Y,
74,seattle,Waiting Just For You! European-Style Flat Apartment w/Private Balcony!,3/17/17 12:20,2,950,2095,6048204361,Jane_Control,https://seattle.craigslist.org/see/apa/6048204361.html,https://seattle.craigslist.org/reply/sea/apa/6048204361,SKIPPED,Y,
108,seattle,Community & Charm in Central Ballard,3/15/17 12:39,2,1096,3995,6045396777,Jane_Control,https://seattle.craigslist.org/see/apa/6045396777.html,https://seattle.craigslist.org/reply/sea/apa/6045396777,SKIPPED,Y,
113,seattle,Gorgeous Downtown Redmond 2 bd 2 ba. Penthouse. Pets OK private garage,3/17/17 11:42,2,1024,2450,6048141864,Jane_Control,https://seattle.craigslist.org/est/apa/6048141864.html,https://seattle.craigslist.org/reply/sea/apa/6048141864,SKIPPED,N,
69,seattle,"Corner Luxury Home With Lots of Windows, No Carpet and 7 Weeks Off!",3/17/17 11:09,1,629,2765,6048085188,Jane_Control,https://seattle.craigslist.org/see/apa/6048085188.html,https://seattle.craigslist.org/reply/sea/apa/6048085188,SKIPPED,Y,
5,seattle,"When Minutes Matter, Live Where You Work and Play",3/17/17 13:33,1,704,2395,6048317987,Jane_Treat_High,https://seattle.craigslist.org/see/apa/6048317987.html,https://seattle.craigslist.org/reply/sea/apa/6048317987,info@henryseattle.com,Y,SAME EMAIL Mult list
67,seattle,Make Today Your Lucky Day & Rent with Us! 1x1 Available Now!,3/17/17 13:04,1,750,1395,6048274428,Jane_Treat_High,https://seattle.craigslist.org/skc/apa/6048274428.html,https://seattle.craigslist.org/reply/sea/apa/6048274428,regency@weidner.com,Y,SAME EMAIL Mult list
4,seattle,Beautiful ground floor 2 bedr 1 bath Available Soon! Courtyard view!,3/17/17 13:38,2,920,1355,6029726743,Jane_Treat_High,https://seattle.craigslist.org/sno/apa/6029726743.html,https://seattle.craigslist.org/reply/sea/apa/6029726743,rqvjc-6029726743@hous.craigslist.org,Y,
52,seattle,BRAND NEW 2 BEDROOM AT MODERA CAPITOL HILL,3/16/17 14:07,2,1155,3669,6046947638,Jane_Treat_High,https://seattle.craigslist.org/see/apa/6046947638.html,https://seattle.craigslist.org/reply/sea/apa/6046947638,wqhjg-6046947638@hous.craigslist.org,Y,
102,seattle,Top Floor One Bedroom Means The Greatest Views: Experience Commons,3/17/17 9:40,1,659,2775,6047930119,Jane_Treat_High,https://seattle.craigslist.org/see/apa/6047930119.html,https://seattle.craigslist.org/reply/sea/apa/6047930119,commons.ballard@m.knck.io,Y,
10,seattle,Cute & Snug Renewed Open 1 Bedroom In Seattle W/ 1 Month Rent FREE!,3/17/17 13:30,1,644,1860,6048313645,Jane_Treat_High,https://seattle.craigslist.org/see/apa/6048313645.html,https://seattle.craigslist.org/reply/sea/apa/6048313645,levamrkt@myaptlife.com,Y,
24,seattle,Live in Luxury! UPDATED Condo steps away from Green Lake and restauran,3/17/17 11:43,2,1707,3500,6032283827,Jane_Treat_High,https://seattle.craigslist.org/see/apa/6032283827.html,https://seattle.craigslist.org/reply/sea/apa/6032283827,jhhqc-6032283827@hous.craigslist.org,Y,
6,seattle,Top Floor 2x2 Park & Lake Side/Corner Home!! USB Plugins!!,3/17/17 13:32,2,974,1791,6048316300,Jane_Treat_High,https://seattle.craigslist.org/est/apa/6048316300.html,https://seattle.craigslist.org/reply/sea/apa/6048316300,2000lakewa@mailer.knockrentals.com,Y,
3,seattle,Easy Freeway Access and Close Shopping Centers!,3/17/17 13:36,2,970,1340,6048308380,Jane_Treat_High,https://seattle.craigslist.org/tac/apa/6048308380.html,https://seattle.craigslist.org/reply/sea/apa/6048308380,f3x9k-6048308380@hous.craigslist.org,,
34,seattle,COME SAVE $1000 OFF ANY WAY YOU WANT IT!!! CHECK OUT OUR PRICES!!!,3/17/17 13:19,1,779,1105,6048297787,Jane_Treat_High,https://seattle.craigslist.org/tac/apa/6048297787.html,https://seattle.craigslist.org/reply/sea/apa/6048297787,jcx8g-6048297787@hous.craigslist.org,,
76,seattle,Two Bedroom for April,3/17/17 12:31,2,820,1579,6048222719,Jane_Treat_High,https://seattle.craigslist.org/est/apa/6048222719.html,https://seattle.craigslist.org/reply/sea/apa/6048222719,no email,,
99,seattle,Spring is Coming Soon and So is This Renovated Apartment!,3/17/17 10:18,2,982,2200,6047978486,Jane_Treat_High,https://seattle.craigslist.org/est/apa/6047978486.html,https://seattle.craigslist.org/reply/sea/apa/6047978486,hsn7x-6047978486@hous.craigslist.org,,
83,seattle,"Billiards Parlor, Clubhouse with Kitchen and Free Wifi, Elevators",3/17/17 12:54,2,969,1170,6048259045,Jane_Treat_High,https://seattle.craigslist.org/sno/apa/6048259045.html,https://seattle.craigslist.org/reply/sea/apa/6048259045,no email,,
42,seattle,‰Ï¨ Looking for 1 Bedroom Plus Den ? Visit Now !,3/17/17 12:08,1,733,2915,6044343422,Jane_Treat_High,https://seattle.craigslist.org/see/apa/6044343422.html,https://seattle.craigslist.org/reply/sea/apa/6044343422,rmtjk-6044343422@hous.craigslist.org,,
31,seattle,Beautiful Furnished Beach House on Puget Sound,3/17/17 8:42,2,1600,3950,6047829328,Jane_Treat_High,https://seattle.craigslist.org/see/apa/6047829328.html,https://seattle.craigslist.org/reply/sea/apa/6047829328,p4prw-6047829328@hous.craigslist.org,,
85,seattle,Our Lowest-Priced Apartment Comes Available Soon - Pre-Lease Today!,3/17/17 12:53,1,540,1498,6042612761,Jane_Treat_High,https://seattle.craigslist.org/est/apa/6042612761.html,https://seattle.craigslist.org/reply/sea/apa/6042612761,bw2dw-6042612761@hous.craigslist.org,,
102,seattle,Walk 9 blocks to the new Amazon Headquarters,3/15/17 10:51,2,1161,3540,6045224384,Jane_Treat_High,https://seattle.craigslist.org/see/apa/6045224384.html,https://seattle.craigslist.org/reply/sea/apa/6045224384,PaGE NOT FOUND,,
30,seattle,Imagine taking in the views of the Space Needle every morning!,3/17/17 13:04,1,672,2250,6048260166,Jane_Treat_High,https://seattle.craigslist.org/see/apa/6048260166.html,https://seattle.craigslist.org/reply/sea/apa/6048260166,no email,,
48,seattle,Perfect 1 bedroom apartment waiting for you to make it home,3/17/17 13:10,1,758,1762,6048284163,Jane_Treat_High,https://seattle.craigslist.org/est/apa/6048284163.html,https://seattle.craigslist.org/reply/sea/apa/6048284163,paGE NOT FOUND,,
44,seattle,A Higher Quality of Living at The Reserve at Town Center!,3/17/17 12:12,2,1308,2301,6048159118,Jane_Treat_High,https://seattle.craigslist.org/sno/apa/6048159118.html,https://seattle.craigslist.org/reply/sea/apa/6048159118,paGE NOT FOUND,,
3,seattle,"Spacious 2-bd apartment, U-Village, Children's Hospital",3/17/17 13:35,2,950,1550,6041507698,Jane_Treat_High,https://seattle.craigslist.org/see/apa/6041507698.html,https://seattle.craigslist.org/reply/sea/apa/6041507698,no email,,
7,seattle,Henry is Your Blank Slate. Design the Apartment of Your Dreams!,3/17/17 13:31,1,610,1825,6048315713,Jane_Treat_High,https://seattle.craigslist.org/see/apa/6048315713.html,https://seattle.craigslist.org/reply/sea/apa/6048315713,info@henryseattle.com,,SAME EMAIL Mult list
100,seattle,No-Fee Renting at Chloe \\ *Penthouse* 2 Bed/2 Bath Available Now,3/15/17 10:55,2,1024,3950,6045230850,Jane_Treat_High,https://seattle.craigslist.org/see/apa/6045230850.html,https://seattle.craigslist.org/reply/sea/apa/6045230850,chloe.apartments@mailer.knockrentals.com,,
115,seattle,"Visit Our Wonderful Community, Tour Now, Move In Tomorrow",3/17/17 12:45,1,810,1953,6048243796,Jane_Treat_High,https://seattle.craigslist.org/see/apa/6048243796.html,https://seattle.craigslist.org/reply/sea/apa/6048243796,no email,,
24,seattle,Stunning yet affordable 2 bedroom home- Minutes from Downtown Redmond!,3/17/17 13:20,2,1000,1650,6036698847,Jane_Treat_High,https://seattle.craigslist.org/est/apa/6036698847.html,https://seattle.craigslist.org/reply/sea/apa/6036698847,tncapartments@alliedresidential.com,,
71,seattle,Space Needle views from your elegant one bedroom!,3/17/17 12:22,1,699,2215,6048207096,Jane_Treat_High,https://seattle.craigslist.org/see/apa/6048207096.html,https://seattle.craigslist.org/reply/sea/apa/6048207096,no email,,
92,seattle,"Pets welcome (breed specific), Conference room, European windows",3/16/17 14:00,2,984,3131,6046924015,Jane_Treat_High,https://seattle.craigslist.org/see/apa/6046924015.html,https://seattle.craigslist.org/reply/sea/apa/6046924015,t7ptk-6046924015@hous.craigslist.org,,
96,seattle,Why not add a apartment tour to your weekend plans?,3/17/17 11:52,1,650,2068,6048157705,Jane_Treat_High,https://seattle.craigslist.org/see/apa/6048157705.html,https://seattle.craigslist.org/reply/sea/apa/6048157705,hrxcj-6048157705@hous.craigslist.org,,
95,seattle,Luxury corner apartment with a spacious patio!,3/15/17 15:42,1,1043,3595,6045644792,Jane_Treat_High,https://seattle.craigslist.org/see/apa/6045644792.html,https://seattle.craigslist.org/reply/sea/apa/6045644792,gwilson@blantonturner.com,,SAME EMAIL Mult list
59,seattle,MASSIVE One bed plus den with STUNNING kitchen & bath!,3/16/17 13:35,1,1043,3595,6046901015,Jane_Treat_High,https://seattle.craigslist.org/see/apa/6046901015.html,https://seattle.craigslist.org/reply/sea/apa/6046901015,gwilson@blantonturner.com,,SAME EMAIL Mult list
77,seattle,2 Bed / 2 Bath For Rent In Seattle 98105 $2100,3/17/17 12:11,2,,2100,6036239602,Jane_Treat_Low,https://seattle.craigslist.org/see/apa/6036239602.html,https://seattle.craigslist.org/reply/sea/apa/6036239602,96vnt-6036239602@hous.craigslist.org,,
4,seattle,Unique Top Floor Corner 2 Bed 2 Bath w/ Huge Patio *SPECIAL*,3/17/17 13:33,2,1019,1899,6048317864,Jane_Treat_Low,https://seattle.craigslist.org/est/apa/6048317864.html,https://seattle.craigslist.org/reply/sea/apa/6048317864,mpktz-6048317864@hous.craigslist.org,,
111,seattle,Beautiful One Bedroom plus Den!  A Must See!!,3/17/17 11:43,1,851,2083,6048143880,Jane_Treat_Low,https://seattle.craigslist.org/see/apa/6048143880.html,https://seattle.craigslist.org/reply/sea/apa/6048143880,tfpbc-6048143880@hous.craigslist.org,,
34,seattle,Its Your Lucky Day Here at Regency Woods! Grab Your 1x1 Today!,3/17/17 13:16,1,750,1510,6048293248,Jane_Treat_Low,https://seattle.craigslist.org/skc/apa/6048293248.html,https://seattle.craigslist.org/reply/sea/apa/6048293248,regency@weidner.com,,SAME EMAIL Mult list
104,seattle,Origin Apartments Opening Soon In Seattles  Lake City Neighborhood,3/17/17 11:49,2,,2150,6038457650,Jane_Treat_Low,https://seattle.craigslist.org/see/apa/6038457650.html,https://seattle.craigslist.org/reply/sea/apa/6038457650,no email,,
45,seattle,LOOK INSIDE FOR GREAT DEALS!!! $1000 OFF AND NEWLY LOWERED PRICES!!!,3/17/17 13:14,1,675,1045,6048289793,Jane_Treat_Low,https://seattle.craigslist.org/tac/apa/6048289793.html,https://seattle.craigslist.org/reply/sea/apa/6048289793,wsh6v-6048289793@hous.craigslist.org,,
116,seattle,"Forget spring cleaning, Just move into your new home!",3/17/17 11:58,2,948,1810,6048167591,Jane_Treat_Low,https://seattle.craigslist.org/sno/apa/6048167591.html,https://seattle.craigslist.org/reply/sea/apa/6048167591,qf797-6048167591@hous.craigslist.org,,
84,seattle,"#1708 Top Floor Apartment, Upgraded Amenties,  Seattle Skyline Views!",3/17/17 10:29,1,736,2595,6048002885,Jane_Treat_Low,https://seattle.craigslist.org/see/apa/6048002885.html,https://seattle.craigslist.org/reply/sea/apa/6048002885,NO email,,
13,seattle,Prelease a One Bedroom for April! Call Today!,3/17/17 13:29,1,669,1535,6048312615,Jane_Treat_Low,https://seattle.craigslist.org/est/apa/6048312615.html,https://seattle.craigslist.org/reply/sea/apa/6048312615,znmst-6048312615@hous.craigslist.org,,
57,seattle,Ground floor 1 bed 1 bath available now ( c-103),3/17/17 13:10,1,794,1473,6048283353,Jane_Treat_Low,https://seattle.craigslist.org/skc/apa/6048283353.html,https://seattle.craigslist.org/reply/sea/apa/6048283353,paGE NOT FOUND,,
101,seattle,Remodeled 1bedroom 1bathroom ready March 27th!,3/17/17 12:48,1,653,1900,6048225963,Jane_Treat_Low,https://seattle.craigslist.org/est/apa/6048225963.html,https://seattle.craigslist.org/reply/sea/apa/6048225963,paGE NOT FOUND,,
9,seattle,Very spacious and beautiful 2 bedroom! Lots of Storage Space!,3/17/17 13:23,2,1100,1819,6048286580,Jane_Treat_Low,https://seattle.craigslist.org/sno/apa/6048286580.html,https://seattle.craigslist.org/reply/sea/apa/6048286580,paGE NOT FOUND,,
8,seattle,Beautiful 2bd/2ba Unit with Loads of Deck Space in Capitol Hill!,3/17/17 12:40,2,918,3195,6036726590,Jane_Treat_Low,https://seattle.craigslist.org/est/apa/6036726590.html,https://seattle.craigslist.org/reply/sea/apa/6036726590,rubix.apts@m.knck.io,,SAME EMAIL Same Listing
98,seattle,"Top/3rd Floor Condo by Microsoft, frplc, balcony, pool, W/S/G included",3/17/17 12:13,2,890,1695,6048162450,Jane_Treat_Low,https://seattle.craigslist.org/est/apa/6048162450.html,https://seattle.craigslist.org/reply/sea/apa/6048162450,n7fd8-6048162450@hous.craigslist.org,,
8,seattle,"Change your lifestyle and neighborhood! Live local, walk score of 97!",3/17/17 13:02,2,1128,2800,6048271009,Jane_Treat_Low,https://seattle.craigslist.org/see/apa/6048271009.html,https://seattle.craigslist.org/reply/sea/apa/6048271009,paGE NOT FOUND,,
23,seattle,Open 1 Bedroom priced to lease today with 1 month free,3/17/17 13:20,1,575,1690,6048299645,Jane_Treat_Low,https://seattle.craigslist.org/see/apa/6048299645.html,https://seattle.craigslist.org/reply/sea/apa/6048299645,blank page,,
42,seattle,Waiting Just For You! European-Style Flat Apartment w/Private Balcony!,3/17/17 12:20,2,950,2095,6048204361,Jane_Treat_Low,https://seattle.craigslist.org/see/apa/6048204361.html,https://seattle.craigslist.org/reply/sea/apa/6048204361,paGE NOT FOUND,,
90,seattle,Seattle Capitol Hill Townhome,3/15/17 13:41,2,1350,3500,6022946246,Jane_Treat_Low,https://seattle.craigslist.org/see/apa/6022946246.html,https://seattle.craigslist.org/reply/sea/apa/6022946246,h8rb9-6022946246@hous.craigslist.org,,
56,seattle,View of Evergreens and short walk to Downtown Fremont | Henry,3/17/17 13:08,1,610,1825,6048280673,Jane_Treat_Low,https://seattle.craigslist.org/see/apa/6048280673.html,https://seattle.craigslist.org/reply/sea/apa/6048280673,info@henryseattle.com,,SAME EMAIL Mult list
7,seattle,"Beautiful corner unit, 2bd/2ba, closets galore! In Capitol Hill!",3/17/17 12:43,2,907,3175,6029622602,Jane_Treat_Low,https://seattle.craigslist.org/see/apa/6029622602.html,https://seattle.craigslist.org/reply/sea/apa/6029622602,paGE NOT FOUND,,
92,seattle,Minutes away from Magnuson park and the Burke-Gilman trail,3/17/17 10:00,2,1129,2795,6047964526,Jane_Treat_Low,https://seattle.craigslist.org/see/apa/6047964526.html,https://seattle.craigslist.org/reply/sea/apa/6047964526,jasperseattle@m.knck.io,,
113,seattle,Reserve #419 For Just $300! This Urban Home Has Everything You Need!,3/17/17 12:45,1,558,1835,6048243925,Jane_Treat_Low,https://seattle.craigslist.org/see/apa/6048243925.html,https://seattle.craigslist.org/reply/sea/apa/6048243925,no email,,
70,seattle,Ballard Charming Waterfront Triplex (first floor),3/17/17 12:23,1,900,2150,6048209132,Jane_Treat_Low,https://seattle.craigslist.org/see/apa/6048209132.html,https://seattle.craigslist.org/reply/sea/apa/6048209132,mtnft-6048209132@hous.craigslist.org,,
3,seattle,COME IN AND TOUR TODAY!!! ASK ABOUT $1000 OFF AND LOWERED PRICES!!!,3/17/17 13:38,2,956,1190,6048325439,Jane_Treat_Low,https://seattle.craigslist.org/tac/apa/6048325439.html,https://seattle.craigslist.org/reply/sea/apa/6048325439,pvh2n-6048325439@hous.craigslist.org,,
102,seattle,Last Available Brand New Traditional 1x1!,3/17/17 11:50,1,778,2100,6045227154,Jane_Treat_Low,https://seattle.craigslist.org/see/apa/6045227154.html,https://seattle.craigslist.org/reply/sea/apa/6045227154,dnbxg-6045227154@hous.craigslist.org,,
13,seattle,The Circa Leprechaun Is Offering His Greens: Free Rent for March!,3/17/17 12:20,2,1366,3100,6048186672,Jane_Treat_Low,https://seattle.craigslist.org/see/apa/6048186672.html,https://seattle.craigslist.org/reply/sea/apa/6048186672,hckhd-6048186672@hous.craigslist.org,,
26,seattle,Welcome Home to Brackett,3/17/17 13:22,1,515,1419,6041098188,Jane_Treat_Low,https://seattle.craigslist.org/sno/apa/6041098188.html,https://seattle.craigslist.org/reply/sea/apa/6041098188,rgbhr-6041098188@hous.craigslist.org,,
82,seattle,Two bedroom with awesome view! $500 off first month of rent!,3/16/17 16:53,2,1086,3150,6047157242,Jane_Treat_Low,https://seattle.craigslist.org/see/apa/6047157242.html,https://seattle.craigslist.org/reply/sea/apa/6047157242,roosterapts-cl@m.knck.io,,
57,seattle,Luxury Villa with  Private Patio,3/16/17 13:46,1,1043,3595,6046908617,Jane_Treat_Low,https://seattle.craigslist.org/see/apa/6046908617.html,https://seattle.craigslist.org/reply/sea/apa/6046908617,gwilson@blantonturner.com,,SAME EMAIL Mult list
33,seattle,Amazing Remodeled 1 bedroom 1 bath apartment home on ground floor,3/17/17 13:20,1,657,1444,6048298740,Jane_Treat_Low,https://seattle.craigslist.org/sno/apa/6048298740.html,https://seattle.craigslist.org/reply/sea/apa/6048298740,bw2tx-6048298740@hous.craigslist.org,,
82,seattle,‰Ï¬ Beautiful Residences @ Cyrene ! Tour Now ~,3/17/17 12:08,1,641,2305,6044347297,John_Control,https://seattle.craigslist.org/see/apa/6044347297.html,https://seattle.craigslist.org/reply/sea/apa/6044347297,vxdjj-6044347297@hous.craigslist.org,Y,
21,seattle,It's Your Lucky Day! This 2x2 Is Ready Now with 1 Month Free!,3/17/17 12:28,2,912,2957,6048217175,John_Control,https://seattle.craigslist.org/see/apa/6048217175.html,https://seattle.craigslist.org/reply/sea/apa/6048217175,dckkk-6048217175@hous.craigslist.org,Y,
88,seattle,Gorgeous One Bedroom In Amazing Mid Rise! Short Term Leases Available!,3/17/17 12:51,1,730,1220,6048253788,John_Control,https://seattle.craigslist.org/tac/apa/6048253788.html,https://seattle.craigslist.org/reply/sea/apa/6048253788,rddh2-6048253788@hous.craigslist.org,Y,
34,seattle,Come Check Out this Amazing 2 Bedroom with Bay Window! Avail 4/11,3/17/17 12:15,2,952,2701,6048196406,John_Control,https://seattle.craigslist.org/tac/apa/6048196406.html,https://seattle.craigslist.org/reply/sea/apa/6048196406,4jgkp-6048196406@hous.craigslist.org,Y,
40,seattle,Spectacular luxury one bedroom apartment on 21st floor !!,3/17/17 12:10,1,634,2748,6048188257,John_Control,https://seattle.craigslist.org/see/apa/6048188257.html,https://seattle.craigslist.org/reply/sea/apa/6048188257,PaGE NOT FOUND,,
66,seattle,"Penthouse Townhome, 2X2 w/Den- 1329 sqft!",3/16/17 11:57,2,1329,3776,6046750795,John_Control,https://seattle.craigslist.org/see/apa/6046750795.html,https://seattle.craigslist.org/reply/sea/apa/6046750795,onthepark@mailer.knockrentals.com,Y,
42,seattle,2 bedx2 bath Upscale Amenities and Gorgeous Park views,3/16/17 16:51,2,1200,3651,6047154813,John_Control,https://seattle.craigslist.org/est/apa/6047154813.html,https://seattle.craigslist.org/reply/sea/apa/6047154813,k2qfm-6047154813@hous.craigslist.org,Y,
101,seattle,"Remodeled, Top Floor 1 Bedroom with Hardwood Floors 7515 24th Ave NW",3/17/17 12:46,1,650,1395,6036919840,John_Control,https://seattle.craigslist.org/see/apa/6036919840.html,https://seattle.craigslist.org/reply/sea/apa/6036919840,info@ballardrealtyinc.com,Y,
16,seattle,Awesome move in gifts and waiving the move in fee!,3/17/17 13:26,1,727,1611,6048287725,John_Control,https://seattle.craigslist.org/est/apa/6048287725.html,https://seattle.craigslist.org/reply/sea/apa/6048287725,PaGE NOT FOUND,,
99,seattle,"Villa Franca: Anhalt homes, steeped in history",3/15/17 14:49,1,1043,3595,6045573524,John_Control,https://seattle.craigslist.org/see/apa/6045573524.html,https://seattle.craigslist.org/reply/sea/apa/6045573524,gwilson@blantonturner.com,Y,
94,seattle,2 Bed + 2 Bath With a Private Balcony AND Patio!!,3/16/17 15:35,2,1120,3111,6047065160,John_Control,https://seattle.craigslist.org/see/apa/6047065160.html,https://seattle.craigslist.org/reply/sea/apa/6047065160,onthepark@mailer.knockrentals.com,Y,
119,seattle,Urban Energy. Sky High Decadence.,3/17/17 12:43,1,700,1650,6048240669,John_Control,https://seattle.craigslist.org/est/apa/6048240669.html,https://seattle.craigslist.org/reply/sea/apa/6048240669,4jmmh-6048240669@hous.craigslist.org,Y,
96,seattle,"Kevo, Ventanas Nuevas,  Servicios De Ahorro De Agua De!",3/17/17 12:11,2,758,1345,6048190092,John_Control,https://seattle.craigslist.org/see/apa/6048190092.html,https://seattle.craigslist.org/reply/sea/apa/6048190092,blank page,Y,
15,seattle,Origin Apartments 6 Weeks Free! Call Us!,3/17/17 13:27,1,657,1550,6048292894,John_Control,https://seattle.craigslist.org/see/apa/6048292894.html,https://seattle.craigslist.org/reply/sea/apa/6048292894,blank page,Y,
15,seattle,"Professionally Managed, Garage Entry, Stainless Steel Appliances",3/17/17 12:42,2,947,2551,6048240040,John_Control,https://seattle.craigslist.org/see/apa/6048240040.html,https://seattle.craigslist.org/reply/sea/apa/6048240040,no email,Y,
59,seattle,"Large walk-in closets, Custom maple kitchen cabinets, Elevators",3/17/17 11:30,1,938,2587,6048121069,John_Control,https://seattle.craigslist.org/see/apa/6048121069.html,https://seattle.craigslist.org/reply/sea/apa/6048121069,njskw-6048121069@hous.craigslist.org,Y,
111,seattle,Welcome to your beautiful new home,3/17/17 12:45,2,992,1923,6048244245,John_Control,https://seattle.craigslist.org/est/apa/6048244245.html,https://seattle.craigslist.org/reply/sea/apa/6048244245,PaGE NOT FOUND,,
107,seattle,Fabulous One Bedroom with Full Size Washer and Dryer!!,3/17/17 12:45,1,680,1327,6048235743,John_Control,https://seattle.craigslist.org/skc/apa/6048235743.html,https://seattle.craigslist.org/reply/sea/apa/6048235743,jx39c-6048235743@hous.craigslist.org,Y,
71,seattle,"WATER, SEWER, GARBAGE, INCLUDED WITH RENT",3/17/17 13:01,2,1200,1845,6043886376,John_Control,https://seattle.craigslist.org/see/apa/6043886376.html,https://seattle.craigslist.org/reply/sea/apa/6043886376,8gcxt-6043886376@hous.craigslist.org,Y,
20,seattle,March Madness ~~ Come on home to GreenHouse NOW,3/17/17 13:23,1,650,1830,6048302925,John_Control,https://seattle.craigslist.org/see/apa/6048302925.html,https://seattle.craigslist.org/reply/sea/apa/6048302925,5chwm-6048302925@hous.craigslist.org,Y,
108,seattle,"Great home in fabulous Holmes Point, Kirkland",3/17/17 11:46,1,1300,2000,6038204778,John_Control,https://seattle.craigslist.org/est/apa/6038204778.html,https://seattle.craigslist.org/reply/sea/apa/6038204778,n9rfp-6038204778@hous.craigslist.org,N,
16,seattle,We're Ready to Welcome YOU Home!,3/17/17 13:18,2,982,2220,6048285995,John_Control,https://seattle.craigslist.org/est/apa/6048285995.html,https://seattle.craigslist.org/reply/sea/apa/6048285995,3hz7f-6048285995@hous.craigslist.org,Y,
69,seattle,"Enjoy urban living, Spacious 1BR apt, Walk-in closet, Wow! City views",3/17/17 13:01,1,647,1729,6048269710,John_Control,https://seattle.craigslist.org/see/apa/6048269710.html,https://seattle.craigslist.org/reply/sea/apa/6048269710,blank page,Y,
28,seattle,Come Check Out this Amazing 2 Bedroom with Bay Window! Avail 4/11,3/17/17 12:15,2,952,2701,6048196406,John_Control,https://seattle.craigslist.org/tac/apa/6048196406.html,https://seattle.craigslist.org/reply/sea/apa/6048196406,4jgkp-6048196406@hous.craigslist.org,Y,
62,seattle,2bd Loft/ Magnificent Lake View/ Seattle/ 1400 sq/ft,3/17/17 7:15,2,1400,3400,6039235771,John_Control,https://seattle.craigslist.org/see/apa/6039235771.html,https://seattle.craigslist.org/reply/sea/apa/6039235771,qppcp-6039235771@hous.craigslist.org,N,
48,seattle,"Comfort and Convenience, Walk to Convention Center, Controlled Access",3/17/17 9:37,1,700,3200,6037918981,John_Control,https://seattle.craigslist.org/see/apa/6037918981.html,https://seattle.craigslist.org/reply/sea/apa/6037918981,Sales@barsala.com,Y,
24,seattle,Proper Design. Luxury Finishes. Ready for Move-In! Tour Now !,3/17/17 12:29,1,,2800,6048183636,John_Control,https://seattle.craigslist.org/see/apa/6048183636.html,https://seattle.craigslist.org/reply/sea/apa/6048183636,z8hdw-6048183636@hous.craigslist.org,Y,
107,seattle,"Tired of your roommates, or just need a change? Great move in special!",3/17/17 11:47,2,850,2095,6014744927,John_Control,https://seattle.craigslist.org/see/apa/6014744927.html,https://seattle.craigslist.org/reply/sea/apa/6014744927,SKIPPED,Y,
113,seattle,"Utilities included in rent! Upscale interiors, Spacious 2Br apt, W/D",3/17/17 2:26,2,1000,2599,6005101453,John_Control,https://seattle.craigslist.org/see/apa/6005101453.html,https://seattle.craigslist.org/reply/sea/apa/6005101453,SKIPPED,Y,
1,seattle,CLOSE to Everything and QUIET HUGE 2 BEDROOM AT A KILLER PRICE!,3/17/17 13:32,2,1051,2795,6048317499,John_Control,https://seattle.craigslist.org/see/apa/6048317499.html,https://seattle.craigslist.org/reply/sea/apa/6048317499,SKIPPED,Y,
51,seattle,"Top Floor Corner Unit Has Absolutely Stunning Views, Come Tour Commons",3/17/17 9:25,2,889,3395,6047903337,John_Treat_High,https://seattle.craigslist.org/see/apa/6047903337.html,https://seattle.craigslist.org/reply/sea/apa/6047903337,commons.ballard@m.knck.io,Y,
75,seattle,"2 Bed/2 Bath, Washer and dryer in every apartment, Conference room",3/16/17 16:30,2,984,3131,6047131884,John_Treat_High,https://seattle.craigslist.org/see/apa/6047131884.html,https://seattle.craigslist.org/reply/sea/apa/6047131884,hhhsr-6047131884@hous.craigslist.org,Y,
84,seattle,Corner 2 Bed 1 Bath *TOP FLOOR* Covered Patio w/ Storage~Near Boeing!,3/17/17 12:25,2,1020,1697,6048212955,John_Treat_High,https://seattle.craigslist.org/sno/apa/6048212955.html,https://seattle.craigslist.org/reply/sea/apa/6048212955,z6mf8-6048212955@hous.craigslist.org,Y,
42,seattle,Kick-Back and Relax in your Brand New Loft!,3/17/17 12:52,1,847,2475,6048256269,John_Treat_High,https://seattle.craigslist.org/see/apa/6048256269.html,https://seattle.craigslist.org/reply/sea/apa/6048256269,info@henryseattle.com,Y,
110,seattle,Condo at the BRIO,3/17/17 12:43,2,,1350,6024009922,John_Treat_High,https://seattle.craigslist.org/sno/apa/6024009922.html,https://seattle.craigslist.org/reply/sea/apa/6024009922,km8wm-6024009922@hous.craigslist.org,N,
118,seattle,One bdrm one bath in downtown Redmond available NOW!!!,3/17/17 12:44,1,734,1982,6048243281,John_Treat_High,https://seattle.craigslist.org/est/apa/6048243281.html,https://seattle.craigslist.org/reply/sea/apa/6048243281,PaGE NOT FOUND,,
1,seattle,Don't miss our SPECIAL! Limited time only! $1320 for 2 bedr 1 bath!,3/17/17 13:37,2,920,1380,6029749831,John_Treat_High,https://seattle.craigslist.org/sno/apa/6029749831.html,https://seattle.craigslist.org/reply/sea/apa/6029749831,rwskq-6029749831@hous.craigslist.org,Y,
65,seattle,"Luxury Apartments, Granite Countertops, Expansive Windows",3/16/17 11:59,2,1190,3510,6046753002,John_Treat_High,https://seattle.craigslist.org/see/apa/6046753002.html,https://seattle.craigslist.org/reply/sea/apa/6046753002,no email,Y,
104,seattle,Ballard/Crown Hill Top Floor 1 Bedroom Apartment 8508 Mary Ave NW #303,3/17/17 12:46,1,796,1425,6044121074,John_Treat_High,https://seattle.craigslist.org/see/apa/6044121074.html,https://seattle.craigslist.org/reply/sea/apa/6044121074,info@ballardrealtyinc.com,Y,
117,seattle,# Come Home Happy!! Lease Here @ The Hanover Apartments #,3/17/17 12:42,1,676,1265,6048238774,John_Treat_High,https://seattle.craigslist.org/skc/apa/6048238774.html,https://seattle.craigslist.org/reply/sea/apa/6048238774,blank page,Y,
5,seattle,Beautiful upgraded home!!! Call TODAY!!!,3/17/17 13:36,1,784,1172,6048322523,John_Treat_High,https://seattle.craigslist.org/oly/apa/6048322523.html,https://seattle.craigslist.org/reply/sea/apa/6048322523,tzjc3-6048322523@hous.craigslist.org,Y,
90,seattle,"Two Bedrooms, Two Baths, & TWO PATIOS!!",3/16/17 16:16,2,1120,3071,6047115430,John_Treat_High,https://seattle.craigslist.org/see/apa/6047115430.html,https://seattle.craigslist.org/reply/sea/apa/6047115430,onthepark@mailer.knockrentals.com,Y,
49,seattle,"Pool, Carport, Pool Table $99 dep $12 apps READY TODAY!!!!",3/17/17 13:14,1,592,1025,6048289259,John_Treat_High,https://seattle.craigslist.org/skc/apa/6048289259.html,https://seattle.craigslist.org/reply/sea/apa/6048289259,blank page,Y,
83,seattle,‰_Ý Pre-Leasing - Premium Residences - Tour Now!,3/17/17 12:08,1,615,2255,6044347400,John_Treat_High,https://seattle.craigslist.org/see/apa/6044347400.html,https://seattle.craigslist.org/reply/sea/apa/6044347400,ttjzp-6044347400@hous.craigslist.org,Y,
15,seattle,Live/Work Condo in Heart of Belltown 1br + loft,3/17/17 13:19,1,605,2095,6030894761,John_Treat_High,https://seattle.craigslist.org/see/apa/6030894761.html,https://seattle.craigslist.org/reply/sea/apa/6030894761,cprdf-6030894761@hous.craigslist.org,N,
95,seattle,2 Bdrm Twnhm! Coming Soon! Balcony* 2 Car Garage**Wetland View!,3/17/17 12:21,2,1234,1655,6048206541,John_Treat_High,https://seattle.craigslist.org/tac/apa/6048206541.html,https://seattle.craigslist.org/reply/sea/apa/6048206541,wtwm2-6048206541@hous.craigslist.org,Y,
85,seattle,Life Just Got Better.,3/17/17 12:19,2,850,1205,6048202591,John_Treat_High,https://seattle.craigslist.org/tac/apa/6048202591.html,https://seattle.craigslist.org/reply/sea/apa/6048202591,no email,Y,
16,seattle,"Top Floor, Private View Home w/ Luxury Interiors & Design.",3/17/17 11:22,2,1262,3608,6048107997,John_Treat_High,https://seattle.craigslist.org/est/apa/6048107997.html,https://seattle.craigslist.org/reply/sea/apa/6048107997,bentleyhouse@myaptlife.com,Y,
81,seattle,Pre-leasing 2x2 + Den w/ Balcony and Awesome Staff!!,3/17/17 9:27,2,1027,2875,6047906851,John_Treat_High,https://seattle.craigslist.org/see/apa/6047906851.html,https://seattle.craigslist.org/reply/sea/apa/6047906851,arthouseapts@pinnacleliving.com,Y,
57,seattle,Spring Into A New Lifestyle And New One Bedrooms- Call Today,3/17/17 12:43,1,577,2020,6048231424,John_Treat_High,https://seattle.craigslist.org/see/apa/6048231424.html,https://seattle.craigslist.org/reply/sea/apa/6048231424,xgpj6-6048231424@hous.craigslist.org,Y,
63,seattle,Live Remarkably! Gorgeous 1BR w/ Sweeping Views!,3/17/17 12:35,1,726,2482,6048228208,John_Treat_High,https://seattle.craigslist.org/see/apa/6048228208.html,https://seattle.craigslist.org/reply/sea/apa/6048228208,PaGE NOT FOUND,,
1,seattle,CLOSE to Everything and QUIET HUGE 2 BEDROOM AT A KILLER PRICE!,3/17/17 13:32,2,1051,2795,6048317499,John_Treat_High,https://seattle.craigslist.org/see/apa/6048317499.html,https://seattle.craigslist.org/reply/sea/apa/6048317499,qhmrz-6048317499@hous.craigslist.org,Y,
55,seattle,Look & lease this one bedroom today! move in ready!,3/17/17 13:11,1,600,1259,6048284638,John_Treat_High,https://seattle.craigslist.org/skc/apa/6048284638.html,https://seattle.craigslist.org/reply/sea/apa/6048284638,no email,Y,
78,seattle,We Accept Large Dogs! Ground Floor 2 Bedroom Available TODAY!,3/17/17 12:30,2,1060,1670,6048221023,John_Treat_High,https://seattle.craigslist.org/see/apa/6048221023.html,https://seattle.craigslist.org/reply/sea/apa/6048221023,watercrest@weidner.com,Y,
16,seattle,The place you want to be this Summer! Check out our roof deck with inf,3/17/17 11:25,1,904,3545,6048090870,John_Treat_High,https://seattle.craigslist.org/see/apa/6048090870.html,https://seattle.craigslist.org/reply/sea/apa/6048090870,wnpqh-6048090870@hous.craigslist.org,Y,
69,seattle,**Beautiful Downtown Bellevue Penthouse with a View**,3/16/17 9:16,2,1219,3590,6037006945,John_Treat_High,https://seattle.craigslist.org/est/apa/6037006945.html,https://seattle.craigslist.org/reply/sea/apa/6037006945,dcvcc-6037006945@hous.craigslist.org,Y,
16,seattle,$800 Amazon Gift Card.,3/17/17 13:32,1,,1195,6048316898,John_Treat_High,https://seattle.craigslist.org/see/apa/6048316898.html,https://seattle.craigslist.org/reply/sea/apa/6048316898,xkqd6-6048316898@hous.craigslist.org,Y,
100,seattle,INCREDIBLE 2 BEDROOM APARTMENT......Very Attractive!,3/17/17 12:10,2,,1020,6042373740,John_Treat_High,https://seattle.craigslist.org/tac/apa/6042373740.html,https://seattle.craigslist.org/reply/sea/apa/6042373740,no email,Y,
29,seattle,"1 Bed/1 Bath, Two lush courtyards, Designer lighting package",3/17/17 13:04,1,605,2251,6035751745,John_Treat_High,https://seattle.craigslist.org/see/apa/6035751745.html,https://seattle.craigslist.org/reply/sea/apa/6035751745,xhm4r-6035751745@hous.craigslist.org,Y,
89,seattle,Come and see us today! Open ALL weekend 10-6!,3/17/17 12:55,1,686,1625,6048260097,John_Treat_High,https://seattle.craigslist.org/sno/apa/6048260097.html,https://seattle.craigslist.org/reply/sea/apa/6048260097,SKIPPED,Y,
70,seattle,"Schedule a Tour, Kitchenwares Included, Walk to Convention Center",3/16/17 11:39,1,700,3750,6046712716,John_Treat_Low,https://seattle.craigslist.org/see/apa/6046712716.html,https://seattle.craigslist.org/reply/sea/apa/6046712716,No email,Y,
104,seattle,We are open ALL WEEKEND 10-6 for tours! Up to $1000 Credit available!,3/17/17 12:47,1,686,1625,6048248268,John_Treat_Low,https://seattle.craigslist.org/est/apa/6048248268.html,https://seattle.craigslist.org/reply/sea/apa/6048248268,gjg63-6048248268@hous.craigslist.org,Y,
46,seattle,One Month Free On This Newly Renovated Two Bedroom Home!,3/17/17 13:11,2,1000,1653,6048285295,John_Treat_Low,https://seattle.craigslist.org/sno/apa/6048285295.html,https://seattle.craigslist.org/reply/sea/apa/6048285295,2rztq-6048285295@hous.craigslist.org,Y,
82,seattle,Two Bedroom Two Bath for Late April Move In,3/17/17 9:22,2,939,2869,6047898416,John_Treat_Low,https://seattle.craigslist.org/see/apa/6047898416.html,https://seattle.craigslist.org/reply/sea/apa/6047898416,blank page,Y,
116,seattle,HUGE 1 Bedroom in Ballard in Beautiful New Building!,3/17/17 12:45,1,,1705,6048234226,John_Treat_Low,https://seattle.craigslist.org/see/apa/6048234226.html,https://seattle.craigslist.org/reply/sea/apa/6048234226,cxhm5-6048234226@hous.craigslist.org,Y,
36,seattle,"Playground, Professional on-site management, Renovated interiors",3/17/17 13:19,1,828,1265,6038314909,John_Treat_Low,https://seattle.craigslist.org/skc/apa/6038314909.html,https://seattle.craigslist.org/reply/sea/apa/6038314909,hfzct-6038314909@hous.craigslist.org,Y,
78,seattle,Remarkable 2x2 Apartment Home W/ An Amazing Move-in Special!! *312,3/17/17 10:40,2,1091,2795,6048034260,John_Treat_Low,https://seattle.craigslist.org/see/apa/6048034260.html,https://seattle.craigslist.org/reply/sea/apa/6048034260,gilberthouse@legacypartners.com,Y,
37,seattle,Penthouse one bedroom plus den at The Broadway Building,3/17/17 10:40,1,1152,3168,6026855756,John_Treat_Low,https://seattle.craigslist.org/see/apa/6026855756.html,https://seattle.craigslist.org/reply/sea/apa/6026855756,fxvg7-6026855756@hous.craigslist.org,Y,
46,seattle,Space Needle View From Your Two Bedroom Home!,3/17/17 11:26,2,934,2700,6048113924,John_Treat_Low,https://seattle.craigslist.org/see/apa/6048113924.html,https://seattle.craigslist.org/reply/sea/apa/6048113924,zq4r9-6048113924@hous.craigslist.org,Y,
58,seattle,Top Floor View of Downtown Seattle! Floor to Ceiling Windows!,3/17/17 12:42,1,657,2200,6029568979,John_Treat_Low,https://seattle.craigslist.org/see/apa/6029568979.html,https://seattle.craigslist.org/reply/sea/apa/6029568979,rubix.apts@m.knck.io,Y,
46,seattle,HELLO....? WE ARE HERE AND READY FOR A RENTER LIKE YOU!,3/17/17 13:14,1,750,1450,6048280586,John_Treat_Low,https://seattle.craigslist.org/see/apa/6048280586.html,https://seattle.craigslist.org/reply/sea/apa/6048280586,dkkgb-6048280586@hous.craigslist.org,Y,
33,seattle,Spacious Luxury Open 1 Bedroom Fully Renewed & First Month FREE!,3/17/17 12:58,1,903,2309,6048265283,John_Treat_Low,https://seattle.craigslist.org/see/apa/6048265283.html,https://seattle.craigslist.org/reply/sea/apa/6048265283,levamrkt@myaptlife.com,Y,
44,seattle,"Billiards Parlor, Clubhouse with Kitchen and Free Wifi, Elevators",3/17/17 12:54,2,969,1170,6048259045,John_Treat_Low,https://seattle.craigslist.org/sno/apa/6048259045.html,https://seattle.craigslist.org/reply/sea/apa/6048259045,no email,Y,
79,seattle,Spring Forward Into Savings! Rent This Tastefully Renovated 1x1 Today,3/17/17 12:55,1,670,1110,6048260381,John_Treat_Low,https://seattle.craigslist.org/tac/apa/6048260381.html,https://seattle.craigslist.org/reply/sea/apa/6048260381,PaGE NOT FOUND,,
114,seattle,Easy access to South Lake Union! ONE MONTH FREE!,3/16/17 12:46,1,781,3195,6046827142,John_Treat_Low,https://seattle.craigslist.org/see/apa/6046827142.html,https://seattle.craigslist.org/reply/sea/apa/6046827142,jholman@blantonturner.com,Y,
117,seattle,Call Lower Queen Anne your home in this cozy 1 bedroom home,3/17/17 12:45,1,491,1933,6048229496,John_Treat_Low,https://seattle.craigslist.org/see/apa/6048229496.html,https://seattle.craigslist.org/reply/sea/apa/6048229496,kcdvj-6048229496@hous.craigslist.org,Y,
70,seattle,2x2 Special! Waived App&Admin Fee! Call Today!!,3/17/17 12:36,2,1003,1625,6048219035,John_Treat_Low,https://seattle.craigslist.org/skc/apa/6048219035.html,https://seattle.craigslist.org/reply/sea/apa/6048219035,8vpts-6048219035@hous.craigslist.org,Y,
5,seattle,"Right Around the Corner, Near Everywhere You Want to Be. Visit Now!",3/17/17 12:55,1,727,3000,6048241768,John_Treat_Low,https://seattle.craigslist.org/see/apa/6048241768.html,https://seattle.craigslist.org/reply/sea/apa/6048241768,3v4nt-6048241768@hous.craigslist.org,Y,
23,seattle,Great priced two bedroom in Downtown,3/17/17 12:25,2,985,2580,6048200264,John_Treat_Low,https://seattle.craigslist.org/est/apa/6048200264.html,https://seattle.craigslist.org/reply/sea/apa/6048200264,no email,Y,
7,seattle,‰_¢ Beautiful Bedrooms are Available ~ Brand New Community ~ Tour Now,3/17/17 12:08,2,1111,3862,6044341766,John_Treat_Low,https://seattle.craigslist.org/see/apa/6044341766.html,https://seattle.craigslist.org/reply/sea/apa/6044341766,zt6dm-6044341766@hous.craigslist.org,Y,
49,seattle,"Amazing Townhome with Bonus Room, Garage, Walk-in Closets and More!",3/17/17 11:15,2,1438,2763,6048095786,John_Treat_Low,https://seattle.craigslist.org/tac/apa/6048095786.html,https://seattle.craigslist.org/reply/sea/apa/6048095786,swmt4-6048095786@hous.craigslist.org,Y,
55,seattle,Elegant One Bedroom in Ballard New Leed Certified Building,3/17/17 11:39,1,700,2700,6048137070,John_Treat_Low,https://seattle.craigslist.org/see/apa/6048137070.html,https://seattle.craigslist.org/reply/sea/apa/6048137070,commons.ballard@m.knck.io,Y,
74,seattle,Feeling Lucky...Today Is Your Lucky Day... We Have Free Rent For You!,3/17/17 12:59,2,970,1380,6048266364,John_Treat_Low,https://seattle.craigslist.org/skc/apa/6048266364.html,https://seattle.craigslist.org/reply/sea/apa/6048266364,q29gj-6048266364@hous.craigslist.org,Y,
86,seattle,Special Pricing/Spa Bathroom/Balcony/Amazing Views/ 24 hr Concierge,3/15/17 15:27,2,1119,3795,6044158388,John_Treat_Low,https://seattle.craigslist.org/see/apa/6044158388.html,https://seattle.craigslist.org/reply/sea/apa/6044158388,leasing@cirrusseattle.com,Y,
61,seattle,Spacious 2x1 w/ Huge Living Room! Dining Room! Your Own Washer/Dryer!,3/17/17 12:40,2,868,1182,6048207200,John_Treat_Low,https://seattle.craigslist.org/sno/apa/6048207200.html,https://seattle.craigslist.org/reply/sea/apa/6048207200,5xjds-6048207200@hous.craigslist.org,Y,
26,seattle,LUXURY 2 BEDROOM ***2 Master Suites*Coming Soon! Call for Availability,3/17/17 13:11,2,1234,1655,6048285353,John_Treat_Low,https://seattle.craigslist.org/tac/apa/6048285353.html,https://seattle.craigslist.org/reply/sea/apa/6048285353,2hnhn-6048285353@hous.craigslist.org,Y,
53,seattle,"Right Around the Corner, Near Everywhere You Want to Be.",3/17/17 13:12,2,976,1465,6036455007,John_Treat_Low,https://seattle.craigslist.org/skc/apa/6036455007.html,https://seattle.craigslist.org/reply/sea/apa/6036455007,blank page,Y,
42,seattle,"WiFi in the Office and Cabana, Updater Moving Partner",3/17/17 13:14,1,644,1461,6048290261,John_Treat_Low,https://seattle.craigslist.org/est/apa/6048290261.html,https://seattle.craigslist.org/reply/sea/apa/6048290261,SKIPPED,y,
87,seattle,Seattle's Waterfront can be your new Backyard! Schedule a Tour Today.,3/17/17 12:07,1,600,2207,6038483856,John_Treat_Low,https://seattle.craigslist.org/see/apa/6038483856.html,https://seattle.craigslist.org/reply/sea/apa/6038483856,SKIPPED,Y,
61,seattle,"**UpGraded Home** Breakfast bar, Fireplace, Clubhouse",3/17/17 13:05,2,925,1630,6027816800,John_Treat_Low,https://seattle.craigslist.org/tac/apa/6027816800.html,https://seattle.craigslist.org/reply/sea/apa/6027816800,SKIPPED,Y,